ID,Recommend,Contact SAT,Support-Responsiveness,Service-Quality,Tech support,Support-Understanding,Support-Communication,Support-Resolution,Support-Flexibility,Support-Expertise,Offering,Speed of quote,Prod-Availability,On-time-delivery,Delivery-completeness,Prod-Quality
1,1,9,9,10,9,9,9,10,9,9,9,9,9,9,9,9
2,0,8,8,9,10,10,10,9,8,8,7,9,7,8,9,9
3,1,9,9,10,9,9,9,9,9,9,9,10,9,9,9,9
4,1,10,8,10,10,9,10,8,9,8,7,8,8,10,10,9
5,1,9,9,7,9,9,9,9,7,9,9,7,8,9,7,7
6,1,9,9,9,9,9,9,10,7,5,5,6,5,8,8,9
7,0,10,8,8,8,8,8,8,8,2,2,8,5,8,7,8
8,1,10,9,10,9,10,8,10,8,8,6,8,8,9,9,10
9,1,9,9,8,8,8,8,9,9,8,7,9,8,9,9,9
10,0,5,5,7,5,2,5,2,3,9,7,7,7,3,5,2
11,0,8,8,5,7,1,8,2,2,7,3,8,4,8,8,8
12,1,8,8,9,8,9,9,10,8,6,8,9,8,8,8,9
13,1,10,10,10,10,10,10,10,10,10,3,4,8,10,10,10
14,1,9,9,9,9,10,9,10,8,9,8,8,7,10,9,10
15,1,10,8,8,8,9,9,10,8,8,5,7,5,8,8,8
16,1,8,7,9,7,7,8,9,8,6,6,6,7,9,9,8
17,1,10,9,10,9,9,9,10,9,8,10,10,9,10,9,9
18,1,10,10,10,10,10,10,9,10,7,7,10,8,10,10,10
19,1,10,8,10,8,6,8,9,8,7,5,10,7,10,10,8
20,0,6,4,7,4,3,6,3,4,5,3,7,3,7,5,4
21,0,9,9,9,8,8,8,9,8,8,8,9,8,8,9,9
22,1,10,10,10,10,10,8,10,9,9,8,10,10,8,10,10
23,0,4,7,7,2,5,5,9,8,6,2,5,3,8,8,9
24,0,8,8,9,8,6,7,8,8,6,6,8,6,8,7,8
25,0,10,9,10,7,5,7,8,5,8,8,6,8,5,8,8
26,1,8,7,10,7,7,8,10,5,7,5,10,7,10,8,8
27,1,9,8,9,9,9,8,9,9,8,8,9,8,9,9,9
28,0,8,8,6,6,7,7,7,6,7,7,8,7,8,7,7
29,1,8,8,8,8,9,8,8,7,8,6,7,7,8,8,9
30,0,7,5,7,6,7,6,8,8,8,7,9,7,8,8,8
31,0,7,5,6,3,7,5,7,7,3,4,6,3,7,7,7
32,1,8,8,8,6,8,8,8,8,8,8,8,8,9,9,8
33,1,9,9,9,8,8,8,10,9,9,8,10,9,10,9,9
34,1,8,9,9,8,8,9,10,8,9,9,9,9,10,8,9
35,1,8,8,8,8,8,8,8,8,8,6,7,7,8,8,7
36,1,9,7,10,9,10,8,9,10,9,7,10,8,10,10,10
37,1,9,8,9,8,9,8,9,8,9,7,8,7,9,9,9
38,1,9,9,9,8,9,8,9,9,8,8,9,9,9,9,9
39,0,8,8,8,7,8,5,8,7,7,6,7,5,8,7,7
40,1,8,8,8,9,9,8,9,9,8,7,8,7,8,8,9
41,1,8,7,7,8,6,7,6,6,6,5,7,4,7,7,7
42,1,10,10,10,10,10,10,10,9,10,8,8,9,5,6,10
43,1,9,9,8,8,9,9,9,8,8,8,9,8,9,9,8
44,0,3,7,5,2,7,7,6,8,8,4,8,8,8,7,6
45,0,7,5,7,5,6,6,7,6,7,7,7,7,7,7,7
46,1,10,9,9,9,9,8,9,9,9,9,9,9,10,9,9
47,1,8,8,9,8,8,8,9,8,9,7,8,10,9,9,8
48,1,10,10,10,9,9,10,10,9,9,7,10,8,10,10,9
49,1,8,7,8,7,7,8,9,7,9,4,7,5,7,7,8
50,1,8,9,9,8,6,9,8,8,9,5,9,8,8,8,8
51,1,10,10,8,10,10,8,10,8,7,7,10,10,8,9,10
52,0,9,9,9,9,9,9,9,7,5,6,8,6,8,7,8
53,1,7,8,9,9,8,9,8,8,6,6,8,8,9,9,8
54,1,9,9,10,8,8,8,7,8,7,8,10,8,8,5,8
55,1,10,8,9,8,6,8,5,7,6,4,8,5,8,9,7
56,1,8,8,9,8,9,9,8,8,7,7,7,7,8,8,8
57,1,9,9,9,8,8,7,7,6,9,8,8,8,8,7,7
58,1,8,8,8,8,8,8,8,8,8,8,8,8,8,8,8
59,0,8,7,8,3,8,5,9,8,7,7,9,4,9,7,8
60,1,10,6,9,7,10,10,10,10,8,7,10,8,10,10,10
61,1,9,8,8,9,8,7,5,6,6,6,6,7,8,8,8
62,0,8,8,8,9,9,9,8,9,8,8,7,7,8,9,8
63,1,10,10,10,10,10,10,10,10,10,10,10,10,10,10,10
64,0,0,2,7,2,2,5,8,8,7,5,8,0,10,7,7
65,0,9,7,7,8,8,9,8,8,8,8,7,7,9,8,7
66,1,8,8,5,7,8,8,7,8,6,7,8,8,8,8,8
67,0,8,8,8,7,7,8,7,8,6,4,8,5,6,8,8
68,1,9,7,10,7,7,8,9,7,7,6,9,6,10,8,8
69,1,10,10,10,10,10,10,10,10,10,10,8,10,10,10,10
70,0,8,8,8,7,7,7,8,8,7,7,8,7,7,7,8
71,1,9,9,8,8,8,8,9,8,8,7,9,8,9,9,9
72,0,4,4,4,3,7,3,8,6,4,4,8,3,6,6,5
73,0,7,4,6,4,7,4,7,7,4,4,8,4,7,7,7
74,1,10,9,10,9,8,10,8,9,10,8,10,8,10,9,8
75,0,8,7,8,6,8,7,8,8,7,7,7,6,8,7,7
76,1,7,5,9,7,7,7,9,9,7,7,9,9,9,9,9
77,0,5,5,8,7,5,7,8,8,8,8,7,5,6,7,6
78,0,7,7,8,5,7,7,7,8,7,7,7,7,8,8,8
79,1,10,10,10,10,10,10,10,10,10,10,10,10,10,10,10
80,0,6,8,8,8,7,8,8,6,8,8,8,7,7,6,7
81,1,8,8,9,9,9,9,9,8,7,7,9,8,9,9,8
82,1,9,8,9,9,8,8,9,9,9,7,8,8,9,9,9
83,1,10,9,10,9,9,9,10,10,9,8,8,8,9,9,10
84,1,10,10,10,10,8,5,8,10,10,8,10,7,10,10,10
85,1,8,8,8,7,8,8,9,7,8,4,4,4,8,7,7
86,1,4,5,8,6,4,5,4,9,9,8,4,10,9,7,4
87,1,8,8,9,8,7,5,8,8,5,2,1,2,9,1,2
88,1,8,8,9,8,8,7,8,9,9,7,7,7,7,8,9
89,1,8,7,7,7,8,9,9,8,6,8,6,8,8,9,9
90,1,9,8,8,8,8,7,10,8,8,8,8,8,9,9,10
91,1,9,8,8,8,8,7,9,9,7,7,10,7,10,8,9
92,0,8,8,5,5,8,8,8,8,7,5,8,2,8,5,8
93,1,10,9,9,10,8,10,10,9,8,8,9,9,10,10,10
94,1,10,10,9,8,9,10,9,10,8,5,7,7,7,8,9
95,1,8,8,8,8,7,8,8,7,8,7,8,8,8,8,8
96,1,9,9,9,9,9,9,9,9,9,9,9,8,9,9,9
97,1,10,10,10,10,8,9,8,10,10,7,10,10,10,9,9
98,1,10,10,9,5,8,5,10,10,10,9,8,9,10,10,10
99,1,9,8,10,10,8,9,10,8,7,4,7,4,10,10,8
100,1,9,9,9,9,9,9,8,8,8,5,8,6,9,8,8
101,0,7,7,6,6,7,5,7,7,8,8,6,6,7,6,7
102,0,7,6,7,7,8,7,6,7,6,7,7,8,8,6,7
103,0,8,8,6,7,5,7,7,4,4,7,10,7,7,5,5
104,1,10,10,10,10,10,10,10,10,10,8,8,8,10,10,10
105,1,6,7,8,4,5,6,9,6,7,7,7,6,8,4,5
106,1,8,7,7,6,7,7,8,7,7,7,8,7,7,8,8
107,0,8,8,7,8,8,9,8,7,7,4,8,4,9,8,7
108,0,10,10,10,10,7,10,10,8,8,7,10,8,10,9,10
109,0,10,10,10,8,9,9,8,7,7,6,8,8,8,8,9
110,0,8,9,8,8,7,8,8,7,7,6,6,6,3,7,7
111,0,9,8,7,7,8,7,9,8,7,8,9,7,8,8,8
112,1,10,10,7,7,8,7,9,7,4,5,5,6,7,8,10
113,0,7,8,8,7,8,8,8,8,7,7,8,7,8,8,8
114,0,8,8,8,6,6,6,8,8,8,6,6,6,8,7,8
115,0,9,6,6,7,7,4,6,7,9,4,9,6,8,6,7
116,1,8,9,9,8,9,10,10,8,10,5,10,9,10,9,10
117,1,8,8,8,8,7,5,8,8,7,5,8,8,8,6,8
118,1,10,10,10,9,10,10,10,10,10,8,10,8,10,10,10
119,0,5,7,5,5,5,5,5,5,7,4,8,4,7,4,5
120,0,8,7,8,8,8,8,8,8,7,6,8,8,8,8,8
121,0,4,5,7,6,6,5,7,7,7,6,8,7,8,6,7
122,1,8,7,8,7,8,8,8,6,8,9,9,9,9,7,7
123,0,8,8,7,7,6,7,5,5,8,5,5,5,5,5,5
124,0,8,7,10,4,4,8,6,6,8,8,9,8,6,7,7
125,1,9,9,9,7,8,7,9,7,4,4,7,4,7,8,9
126,1,8,7,9,6,6,7,9,7,6,5,10,5,10,6,10
127,1,10,9,9,8,10,9,10,9,7,7,9,7,10,9,10
128,1,10,10,10,10,10,10,10,10,10,10,10,10,10,10,10
129,1,10,10,10,10,9,9,9,10,8,9,10,8,9,9,9
130,1,10,7,7,7,10,8,10,9,9,6,10,8,8,9,10
131,1,7,9,9,8,7,9,9,7,9,7,9,9,9,7,8
132,0,7,4,8,2,7,5,9,5,2,8,9,9,5,7,7
133,1,10,10,10,10,7,10,10,10,5,8,10,8,10,10,10
134,0,6,6,5,5,6,6,8,6,7,6,6,5,8,7,7
135,1,9,8,8,9,8,8,9,7,7,8,7,8,7,8,7
136,1,9,9,9,10,9,9,8,8,7,7,8,8,9,9,8
137,1,10,9,10,10,10,10,10,10,10,9,10,9,10,10,10
138,1,9,9,9,9,9,9,9,9,9,8,8,9,9,9,9
139,1,8,7,8,7,7,6,6,7,7,5,8,7,9,7,6
140,1,10,10,10,8,10,10,10,8,8,8,10,9,10,10,9
141,0,7,8,7,7,8,5,8,6,7,7,8,7,8,7,8
142,1,10,10,10,10,9,7,9,9,10,6,8,7,9,9,9
143,0,2,2,2,2,0,3,2,2,0,0,3,3,2,2,2
144,1,8,8,8,8,8,8,8,9,7,7,8,7,9,8,9
145,0,5,5,3,5,6,3,3,7,7,8,7,8,8,6,4
146,1,7,9,8,6,7,7,7,8,9,9,8,5,8,7,8
147,1,1,1,3,0,0,5,1,8,9,4,5,5,9,4,5
148,1,8,9,9,9,9,9,9,9,9,9,9,9,9,9,9
149,1,9,9,9,8,9,9,9,9,8,8,9,8,9,9,9
150,0,9,9,8,9,9,7,9,7,8,8,9,7,7,9,9
151,0,9,8,7,8,8,8,6,7,8,8,8,8,9,8,6
152,0,9,9,9,8,8,8,9,9,9,8,8,9,9,7,8
153,1,8,9,10,8,8,8,10,9,8,7,10,8,9,8,10
154,0,10,9,9,8,8,9,6,7,9,8,7,8,7,8,8
155,0,10,5,7,7,9,7,10,7,10,6,10,7,8,7,8
156,0,4,3,5,4,2,5,7,7,9,6,2,1,6,6,5
157,1,9,8,7,7,8,7,9,7,7,8,8,8,7,8,8
158,1,9,9,10,9,9,9,10,9,10,9,8,9,9,9,9
159,1,10,10,10,10,10,10,10,10,8,10,10,10,10,10,10
160,1,9,9,9,9,8,8,9,8,7,5,6,6,8,8,9
161,0,6,8,7,6,4,5,7,6,5,3,8,3,7,9,7
162,0,2,2,1,1,0,0,8,2,4,0,8,3,7,1,2
163,0,10,10,10,10,10,10,10,7,9,6,8,9,9,8,9
164,1,8,8,9,8,7,8,8,7,7,5,6,5,8,8,8
165,1,10,10,10,10,10,10,10,10,10,10,10,10,5,10,10
166,0,6,4,7,5,5,7,7,4,4,4,8,5,8,7,6
167,1,10,10,10,10,10,10,10,9,6,5,5,5,9,10,10
168,1,10,9,10,10,10,10,10,9,10,8,10,8,10,10,10
169,0,8,7,8,7,9,8,9,8,5,6,8,7,9,9,9
170,1,10,8,10,10,8,8,8,8,10,8,5,10,8,10,10
171,0,8,8,8,7,8,6,7,7,7,6,6,6,7,7,8
172,1,6,7,7,6,9,5,9,9,9,5,7,8,10,7,9
173,0,7,7,7,6,6,6,9,6,7,1,8,8,7,7,7
174,0,9,9,10,8,9,8,10,9,9,7,9,9,10,8,9
175,1,6,5,8,6,5,8,8,8,8,5,7,5,8,7,8
176,1,7,5,10,5,6,8,7,7,10,3,10,9,10,7,7
177,0,8,7,7,8,8,6,7,8,7,9,10,9,9,8,8
178,0,9,9,9,7,8,7,8,7,8,8,8,5,8,9,9
179,1,9,9,9,9,9,9,6,9,9,6,10,7,9,9,9
180,1,8,7,7,8,8,7,8,7,5,6,6,8,8,8,8
181,0,6,7,6,7,4,4,8,5,7,3,5,8,8,7,5
182,1,8,6,8,7,9,7,6,6,8,8,8,9,7,8,8
183,1,9,9,9,9,9,9,9,9,9,9,9,9,9,9,9
184,0,8,8,8,8,8,8,7,7,8,3,5,7,6,6,8
185,1,8,7,8,8,8,8,9,9,5,5,5,9,9,8,9
186,1,9,9,8,9,9,9,8,9,10,9,9,8,10,10,9
187,1,9,8,8,7,10,7,10,8,6,9,10,10,8,10,10
188,1,9,8,8,8,9,8,9,9,8,8,8,9,9,9,10
189,1,8,9,9,9,2,9,8,9,9,9,7,9,10,9,9
190,0,5,6,7,9,6,5,7,7,7,7,9,8,7,7,8
191,0,8,5,6,6,6,8,8,6,1,6,6,6,7,7,8
192,1,8,8,9,8,8,9,9,8,9,9,9,8,10,9,9
193,1,9,8,10,10,9,8,10,9,8,7,8,9,10,9,9
194,0,9,8,10,9,9,8,8,9,8,4,5,9,9,9,9
195,1,9,8,8,8,7,8,8,7,8,5,7,7,6,7,8
196,0,8,7,9,8,8,8,8,6,7,6,7,9,9,8,9
197,1,10,10,10,10,10,10,10,10,7,6,7,9,9,10,10
198,0,5,5,5,5,5,5,5,5,5,5,5,5,5,5,5
199,1,9,9,8,8,9,7,9,8,8,6,6,8,8,8,9
200,1,10,10,10,10,10,10,10,10,10,8,9,10,10,10,10
201,0,9,6,7,8,8,7,10,8,7,4,4,7,8,8,10
202,0,8,7,9,8,8,7,10,8,6,5,5,8,8,8,9
203,0,8,5,8,7,7,4,9,8,7,8,7,7,7,7,9
204,1,9,9,9,8,9,8,9,7,8,6,6,8,8,5,7
205,0,10,9,10,10,10,9,10,10,9,10,10,9,10,9,10
206,1,9,10,10,10,10,8,10,9,9,9,9,9,9,10,9
207,0,5,5,8,4,8,7,5,8,10,10,10,10,8,8,8
208,1,7,7,7,7,7,7,7,7,7,7,7,7,7,7,7
209,0,7,7,7,7,2,2,7,5,9,4,5,7,8,8,3
210,0,3,3,3,3,1,3,2,2,6,6,4,7,7,1,1
211,0,4,3,3,3,2,0,5,2,5,3,1,0,8,5,5
212,1,9,7,8,5,3,6,7,6,5,6,8,4,8,7,7
213,0,4,5,3,3,5,2,5,7,7,5,4,2,5,6,3
214,1,7,8,7,6,7,8,9,7,7,8,8,8,8,8,7
215,1,10,10,10,10,10,10,10,10,10,10,10,10,10,10,10
216,0,9,9,10,10,9,9,9,9,10,9,9,9,10,9,9
217,0,7,8,8,9,7,8,8,6,6,5,6,7,9,8,8
218,1,10,10,10,10,10,10,10,10,10,7,8,10,10,10,10
219,1,5,5,8,6,5,7,7,6,3,4,2,6,7,6,5
220,1,8,8,9,9,8,8,8,7,8,7,7,8,8,8,8
221,1,10,10,10,10,10,10,10,9,8,8,8,9,9,9,9
222,0,9,7,8,7,7,4,9,9,2,1,2,5,8,8,8
223,1,8,8,9,8,7,9,8,9,8,6,6,9,8,8,7
224,0,5,2,4,5,6,4,10,5,3,2,4,8,6,9,9
225,1,9,8,10,9,8,8,9,8,7,7,8,9,9,9,9
226,1,10,10,10,10,10,10,10,10,10,8,10,10,10,10,10
227,1,10,9,9,8,8,8,9,8,8,8,7,8,7,9,10
228,0,2,0,7,4,3,0,7,6,7,8,7,4,10,0,5
229,1,8,8,9,8,7,8,9,8,9,8,8,9,7,8,9
230,0,6,5,4,5,4,6,5,6,3,5,7,2,7,5,3
231,0,0,0,2,0,0,0,0,3,5,3,3,0,4,0,0
232,1,10,10,10,10,10,10,10,10,9,8,8,10,10,10,10
233,0,3,0,1,2,2,2,6,5,5,1,2,2,6,5,5
234,1,10,7,7,7,7,6,9,6,6,5,6,7,7,6,7
235,0,6,9,6,7,9,8,6,7,6,5,7,9,8,9,8
236,0,8,5,8,6,6,8,7,7,5,5,6,8,9,7,7
237,1,10,9,10,10,9,9,9,9,7,7,8,9,9,9,9
238,0,7,5,8,7,6,8,7,8,9,7,8,8,9,6,7
239,1,8,8,6,8,6,5,9,7,6,3,5,7,8,8,8
240,0,0,0,0,0,8,0,8,8,9,8,8,8,5,9,8
241,0,5,5,8,7,9,5,3,7,6,8,4,6,3,6,1
242,1,10,9,9,9,10,5,10,8,8,8,7,8,8,8,9
243,1,10,10,10,10,10,10,10,10,10,10,10,10,10,10,10
244,1,7,7,8,7,6,6,7,8,6,6,5,6,8,7,7
245,1,9,8,10,8,8,9,10,9,10,9,7,9,8,9,9
246,0,5,5,5,5,5,5,5,5,5,5,5,5,5,5,5
247,1,10,10,9,9,10,10,10,10,10,10,10,10,10,10,10
248,0,7,7,9,7,7,5,7,7,9,7,6,7,9,7,7
249,1,10,10,10,10,10,10,10,10,10,8,10,10,10,10,10
250,0,7,7,5,5,9,9,7,5,5,5,5,5,9,5,5
251,1,10,10,10,10,10,10,10,10,10,10,10,10,10,9,10
252,1,10,9,9,10,10,9,10,9,9,7,7,8,10,10,10
253,0,8,8,9,8,5,8,8,9,9,3,5,6,8,8,8
254,0,8,7,7,8,7,8,7,7,6,5,8,7,7,7,7
255,1,9,9,9,9,9,9,9,9,9,9,9,9,9,9,9
256,0,8,7,8,8,7,6,7,7,7,4,3,8,9,7,6
257,1,8,8,8,8,8,8,8,8,8,5,5,8,8,8,8
258,1,10,9,10,9,9,6,9,10,9,9,9,10,10,9,8
259,1,9,7,9,7,10,9,10,7,5,3,5,8,8,9,10
260,1,8,8,8,6,7,8,9,7,7,7,9,8,8,9,9
261,0,8,6,9,7,7,9,8,7,5,3,3,4,7,8,8
262,1,10,10,10,5,10,10,10,10,10,10,10,10,10,10,10
263,1,9,8,9,8,8,9,10,9,9,9,9,8,10,9,10
264,1,10,10,10,10,10,10,10,10,10,10,8,10,10,10,10
265,0,10,9,10,9,10,10,10,10,10,8,8,8,10,10,10
266,0,6,5,5,5,4,4,3,5,5,5,5,3,1,3,3
267,1,9,8,10,8,9,8,9,9,8,9,9,10,8,8,9
268,1,10,10,9,9,9,8,9,10,10,9,9,9,10,9,10
269,1,8,8,9,8,8,8,8,8,8,6,8,7,8,8,8
270,1,9,8,10,8,7,9,7,9,7,6,7,9,9,9,7
271,0,7,8,6,7,7,5,7,6,8,0,0,5,10,8,7
272,1,10,10,10,9,9,9,10,10,9,6,9,10,10,10,10
273,1,9,9,10,8,10,8,10,9,10,9,7,10,10,10,10
274,0,7,7,8,7,7,7,8,6,9,9,9,7,7,7,8
275,1,10,9,9,9,10,9,9,9,9,8,9,9,9,9,9
276,1,8,8,8,7,7,7,7,8,8,7,7,8,8,8,8
277,1,9,9,9,8,9,9,9,8,9,8,7,9,9,9,9
278,1,9,9,10,10,8,10,8,9,9,6,8,9,10,8,8
279,1,10,10,9,10,9,10,10,10,8,6,8,10,10,10,10
280,1,7,7,7,6,8,7,7,7,3,6,7,6,3,6,7
281,1,9,8,7,8,7,6,7,7,6,7,8,7,5,8,6
282,0,5,5,5,5,5,5,5,5,5,5,5,5,5,5,5
283,1,10,10,10,10,10,10,10,10,10,10,10,10,10,10,10
284,1,10,10,9,10,9,6,10,9,10,9,9,9,10,9,9
285,1,9,9,9,9,9,9,9,7,9,7,9,9,7,9,9
286,0,5,8,6,5,5,8,7,8,8,8,7,5,7,7,7
287,1,10,10,10,10,10,10,10,10,9,9,9,7,9,10,10
288,1,10,10,10,10,10,8,8,9,9,8,8,8,8,8,9
289,1,9,8,9,9,10,8,9,8,7,7,9,9,9,10,10
290,1,10,10,10,10,10,10,10,10,10,10,10,10,10,10,10
291,1,10,10,10,10,10,10,10,10,10,10,10,10,10,10,10
292,1,10,10,9,9,8,9,10,9,8,8,8,10,10,10,9
293,1,9,9,8,10,9,9,10,9,10,8,9,9,9,10,10
294,1,10,10,10,10,10,10,10,9,8,7,8,10,9,9,10
295,1,9,9,10,9,9,10,10,10,8,7,8,9,10,9,9
296,1,10,10,10,9,10,10,10,10,10,9,10,10,10,10,10
297,1,8,9,8,9,9,10,10,9,8,9,7,9,8,8,9
298,1,9,7,8,9,8,9,9,8,7,8,7,8,8,8,9
299,0,0,0,0,0,0,0,0,0,0,0,0,0,0,0,0
300,1,9,8,8,8,8,8,8,8,9,8,9,9,9,9,9
301,1,9,8,8,9,10,9,9,8,9,10,9,10,9,9,9
302,0,6,6,5,6,7,7,6,5,7,6,6,6,7,7,7
303,1,10,8,10,8,10,10,10,10,10,9,9,9,10,10,10
304,1,9,9,8,8,9,9,10,9,9,9,9,8,8,9,9
305,0,9,3,9,9,9,9,9,9,8,9,2,1,10,10,10
306,1,5,6,9,6,7,5,9,8,9,8,9,9,10,8,9
307,1,9,9,9,1,8,7,10,9,9,1,2,10,10,10,9
308,1,8,8,8,8,8,8,8,8,8,8,8,8,8,8,8
309,1,8,8,7,8,9,8,9,8,8,7,8,7,8,8,8
310,1,10,10,10,10,10,10,10,10,10,10,10,10,10,10,10
311,1,8,8,9,6,7,7,8,7,7,5,5,6,7,8,8
312,1,9,10,10,10,10,10,8,8,8,8,10,10,10,10,9
313,0,5,5,4,4,5,5,7,5,5,6,4,6,6,6,6
314,1,9,6,9,9,8,8,9,8,6,7,8,6,8,8,8
315,1,8,8,9,8,9,6,9,8,9,8,6,7,9,8,8
316,1,8,8,8,8,8,8,8,7,7,6,6,7,8,7,8
317,1,8,8,7,9,9,7,9,8,6,6,8,8,8,9,8
318,1,9,10,10,9,9,10,10,9,10,7,8,9,10,9,10
319,0,4,4,6,2,4,2,6,6,4,4,2,2,2,2,2
320,1,8,7,9,8,8,8,8,8,8,7,7,7,7,8,8
321,1,10,9,9,10,8,9,9,8,8,8,8,10,9,9,9
322,1,8,8,8,6,9,5,9,7,8,7,8,8,7,7,7
323,1,8,5,6,4,6,6,7,8,10,8,8,9,9,9,9
324,0,9,8,10,7,7,10,7,8,4,3,5,9,7,9,9
325,0,7,6,7,7,7,6,7,8,7,6,6,6,7,8,6
326,1,8,8,9,5,5,4,5,7,9,8,10,10,10,5,10
327,0,8,7,8,8,7,8,8,5,8,8,4,8,8,8,8
328,1,10,10,10,10,10,8,10,9,7,6,6,7,10,10,10
329,0,7,2,4,4,4,5,8,7,1,0,0,3,7,5,7
330,1,8,8,7,9,9,8,9,5,5,5,5,5,5,5,8
331,1,9,8,9,9,9,8,9,8,8,8,9,9,9,9,9
332,1,8,8,10,7,8,8,7,9,10,7,9,8,8,7,8
333,1,8,8,9,8,8,8,8,8,7,8,8,8,8,7,8
334,1,9,9,8,8,8,9,9,8,8,9,9,9,5,9,8
335,0,7,4,8,4,8,5,8,7,2,5,7,7,8,7,7
336,1,9,7,8,9,8,6,8,9,8,7,9,9,9,10,8
337,0,7,10,6,5,5,5,5,5,5,5,5,5,5,5,5
338,1,8,8,8,8,7,8,9,7,8,8,8,10,9,8,8
339,1,7,8,7,8,8,7,8,8,8,7,8,8,9,7,7
340,1,9,9,9,9,9,9,9,9,9,9,9,9,9,9,9
341,1,8,8,10,9,9,10,10,9,8,8,9,10,10,7,10
342,0,7,8,9,7,8,8,8,7,9,8,9,8,7,8,8
343,0,9,8,8,8,7,8,8,8,8,7,6,9,9,8,8
344,1,8,10,10,10,10,8,10,8,8,4,6,8,8,8,8
345,1,8,6,8,7,8,8,8,7,4,6,6,8,8,8,8
346,1,10,10,10,10,10,10,10,10,10,8,8,10,10,10,10
347,1,8,8,9,7,8,8,8,7,9,6,8,9,8,8,8
348,0,4,4,7,4,5,4,8,7,4,4,5,5,7,6,4
349,0,8,7,8,6,7,5,6,5,6,6,7,7,5,6,5
350,1,8,8,9,8,9,9,8,8,8,8,8,8,8,8,8
351,0,6,5,6,6,7,5,7,6,6,4,7,5,7,6,6
352,0,4,6,6,4,6,6,7,6,4,6,6,8,6,7,7
353,1,8,8,9,7,8,6,8,8,8,6,6,5,9,8,8
354,0,7,6,8,4,6,5,7,7,6,1,4,5,7,7,7
355,1,8,9,9,9,6,4,8,6,6,2,2,3,8,7,6
356,1,9,8,6,5,7,8,8,6,8,6,8,7,9,9,8
357,1,8,8,10,7,8,7,9,8,10,7,8,9,9,8,8
358,1,10,10,10,10,10,10,10,10,10,10,10,10,10,10,10
359,0,6,8,9,6,7,5,8,7,5,7,9,8,9,8,8
360,0,7,3,7,3,7,7,8,8,7,7,4,7,8,8,8
361,0,7,8,9,7,8,7,7,8,5,5,6,7,7,5,5
362,1,7,5,9,5,8,8,8,8,5,5,5,5,8,8,8
363,0,6,5,6,5,5,5,5,6,7,6,8,8,8,7,7
364,1,10,8,10,8,8,10,10,6,4,2,4,6,8,8,8
365,0,9,9,9,9,5,10,5,5,5,8,4,9,9,5,5
366,1,9,8,9,6,5,7,7,8,8,7,8,8,8,8,8
367,0,3,6,4,4,3,4,3,4,8,7,7,5,4,4,3
368,1,10,9,8,8,9,10,10,9,8,5,8,8,10,10,9
369,0,8,8,8,5,7,9,6,6,9,10,10,8,8,7,6
370,1,10,10,10,10,10,10,10,10,10,10,10,10,10,10,10
371,1,10,10,10,9,10,9,10,9,9,9,9,9,9,10,10
372,1,10,9,5,5,9,7,10,5,5,7,7,7,8,9,10
373,0,8,7,7,8,7,5,4,6,8,7,7,7,8,4,4
374,1,8,9,9,10,9,8,9,8,9,7,9,9,8,8,8
375,1,8,9,10,9,10,10,10,10,10,9,10,9,9,10,10
376,1,8,8,9,5,8,8,9,8,8,8,7,8,8,9,8
377,1,9,9,10,8,7,8,6,6,8,8,7,8,9,10,9
378,1,9,9,9,8,8,8,8,8,8,7,7,9,9,9,8
379,0,8,8,9,10,8,8,8,8,7,9,9,8,8,7,6
380,1,8,7,10,7,8,7,7,8,4,4,6,6,6,9,8
381,0,9,9,10,8,6,6,7,8,7,6,9,9,9,8,7
382,0,7,7,8,8,8,9,9,9,8,8,8,7,8,6,8
383,0,4,3,7,3,3,5,5,6,3,2,6,5,6,4,5
384,0,8,7,8,8,8,8,9,7,8,7,7,7,8,7,7
385,1,10,10,10,10,10,10,10,10,10,10,10,10,10,10,10
386,1,8,7,8,8,7,9,8,8,10,10,10,10,10,8,6
387,1,8,7,6,7,9,4,9,8,6,7,8,7,8,8,9
388,0,5,6,8,3,5,7,8,8,6,6,6,9,9,6,7
389,1,8,10,6,7,8,3,10,8,6,3,8,10,10,10,7
390,0,7,7,7,7,8,8,9,8,6,6,8,9,9,8,9
391,0,7,6,6,7,5,8,8,7,7,7,7,7,8,7,7
392,1,8,8,8,8,8,7,10,8,8,8,8,9,9,9,9
393,1,8,8,9,8,9,8,9,9,7,7,7,8,8,8,9
394,1,9,9,9,10,7,10,9,8,9,9,10,10,8,9,8
395,1,10,10,10,10,10,10,10,10,10,10,10,10,10,10,10
396,1,10,10,7,4,9,10,10,9,6,3,3,7,10,10,10
397,0,6,4,6,4,6,6,7,6,6,4,4,6,8,6,7
398,1,7,6,9,6,7,7,9,8,8,6,6,9,9,9,7
399,0,3,3,6,2,3,1,5,5,2,4,5,5,5,3,4
400,1,9,7,7,8,7,6,7,9,6,4,4,4,9,7,7
401,1,10,10,10,10,9,10,10,10,8,6,8,10,10,10,10
402,0,8,8,7,9,8,9,8,8,7,8,7,7,8,8,8
403,1,4,6,6,4,8,6,8,6,4,4,2,4,8,8,8
404,1,8,8,10,8,7,7,10,8,7,7,7,9,8,8,8
405,1,9,9,9,9,9,9,9,8,9,8,8,6,8,9,10
406,1,6,6,7,6,6,5,8,6,6,6,7,7,8,7,7
407,0,7,9,9,7,8,7,7,6,6,7,6,7,7,7,7
408,1,8,7,9,6,7,8,9,8,6,7,7,8,8,8,7
409,1,8,8,9,8,10,6,9,10,7,8,8,10,9,9,10
410,0,7,6,9,7,7,7,8,7,8,4,5,9,7,8,6
411,1,9,9,10,8,9,9,10,9,10,7,9,9,10,9,10
412,1,10,9,7,5,8,5,8,8,8,5,7,7,9,9,9
413,0,5,5,5,5,5,5,5,5,5,5,5,4,5,4,4
414,1,8,9,8,6,7,6,7,7,9,8,8,9,10,9,8
415,1,9,8,8,9,8,8,10,7,8,8,9,9,9,8,8
416,1,6,8,9,8,9,8,8,8,8,7,9,9,10,10,9
417,1,9,9,9,9,9,9,9,9,9,9,9,9,9,9,9
418,1,8,10,8,8,8,9,10,8,9,8,9,8,10,8,9
419,1,7,7,7,8,8,8,8,8,9,8,9,9,8,9,8
420,1,10,9,8,5,6,9,9,8,10,7,6,8,9,8,8
421,1,8,7,7,6,6,7,9,8,7,9,7,8,7,7,8
422,1,10,10,10,10,10,10,10,10,8,9,9,10,10,10,10
423,1,9,9,10,8,8,8,9,10,9,8,7,8,8,8,9
424,1,10,10,10,10,10,9,10,9,9,8,10,10,10,10,10
425,1,8,8,8,8,8,8,8,7,8,8,8,8,8,8,8
426,1,9,8,8,8,8,9,7,10,8,7,7,7,9,8,8
427,0,6,5,7,6,6,5,6,6,3,2,3,5,8,6,6
428,1,9,9,8,9,9,9,9,9,9,9,7,8,9,9,9
429,1,8,7,7,7,7,7,8,7,8,7,6,7,8,7,7
430,0,6,4,7,3,4,4,9,7,2,2,3,6,9,8,6
431,1,7,8,8,8,8,6,8,7,8,8,8,8,9,9,8
432,1,10,9,9,10,9,9,10,9,10,8,9,10,9,10,10
433,1,8,8,9,7,8,8,10,10,7,8,10,10,10,9,9
434,1,10,10,10,9,8,9,9,9,10,7,10,10,10,9,10
435,1,8,8,7,8,7,8,8,8,7,8,8,9,9,8,8
436,1,8,8,7,5,7,8,9,8,4,6,5,4,8,6,6
437,1,10,10,9,8,8,10,9,10,8,7,4,4,10,10,9
438,1,9,10,9,7,9,9,9,8,9,8,9,8,10,9,9
439,1,6,6,7,4,6,6,8,7,6,6,7,7,8,8,8
440,1,8,8,8,8,8,8,8,9,7,8,8,8,8,8,8
441,1,9,8,8,7,7,7,8,8,7,8,7,7,10,8,9
442,1,9,9,8,8,8,9,9,8,8,6,6,6,8,8,8
443,1,8,7,6,6,7,7,7,6,6,6,7,8,8,8,7
444,0,5,6,5,5,5,6,6,6,5,5,6,6,5,5,5
445,1,10,10,10,9,9,8,10,9,10,4,6,9,9,8,10
446,1,7,6,7,6,6,7,8,8,7,6,6,7,8,7,8
447,0,5,5,7,5,4,6,6,6,6,5,5,5,7,5,4
448,0,8,6,9,5,6,8,8,9,8,8,8,8,8,8,7
449,0,7,6,8,5,7,7,8,8,7,6,7,8,8,7,8
450,1,8,9,8,9,8,9,8,10,10,6,7,9,8,8,8
451,1,8,8,7,8,5,8,7,7,7,8,7,6,9,3,9
452,1,9,8,7,8,8,8,9,7,8,7,7,7,8,8,7
453,1,8,8,8,7,9,9,9,8,8,6,9,10,9,7,8
454,1,8,8,5,7,9,6,9,8,8,6,7,8,9,8,8
455,1,8,8,9,7,8,7,8,8,6,6,7,8,8,8,8
456,0,4,3,5,5,3,5,3,6,6,3,2,2,8,2,2
457,0,7,8,6,8,7,7,7,5,8,6,6,6,8,8,7
458,0,0,0,4,5,3,5,7,5,8,0,0,8,7,7,7
459,0,6,2,6,4,4,7,6,7,4,5,4,5,5,5,5
460,1,7,7,8,7,8,7,9,9,8,7,7,8,9,9,9
461,0,6,4,5,6,5,7,6,7,5,3,3,8,7,7,5
462,1,9,7,8,8,8,8,8,8,8,6,7,9,8,7,9
463,0,6,2,5,5,4,4,4,5,2,7,8,8,7,7,7
464,0,8,5,5,7,2,5,4,7,8,5,8,4,4,4,5
465,0,8,8,5,2,5,3,3,7,9,4,8,7,8,4,4
466,0,6,7,7,5,4,4,5,2,6,2,2,2,8,4,3
467,0,8,8,7,8,8,7,9,7,7,6,8,5,9,5,9
468,0,8,4,4,6,4,1,5,6,3,1,2,4,3,3,7
469,1,4,6,9,8,7,6,8,5,7,7,7,8,8,8,8
470,1,10,10,5,8,7,5,9,8,5,7,4,4,7,6,8
471,0,8,6,6,6,8,7,9,8,4,5,5,9,9,8,9
472,0,9,9,7,9,7,7,5,8,9,3,8,8,8,7,9
473,0,9,9,9,8,8,7,9,7,8,7,7,7,7,8,8
474,0,6,6,6,6,6,6,6,6,6,6,6,6,6,6,6
475,1,7,2,5,5,4,6,7,4,5,2,0,0,7,7,6
476,0,6,4,6,7,4,5,6,9,5,6,5,1,6,4,7
477,0,8,5,9,9,8,4,9,9,4,7,4,6,8,6,7
478,1,7,7,8,7,7,8,6,6,6,4,3,4,9,8,8
479,0,6,7,8,6,7,7,7,6,7,7,7,6,8,7,7
480,1,8,9,10,7,8,9,8,8,7,6,6,9,7,8,8
481,0,4,4,5,3,3,5,4,5,5,4,5,5,4,4,3
482,0,5,6,5,5,5,5,5,5,5,5,5,5,5,5,5
483,1,9,7,10,5,8,7,9,7,7,2,7,7,9,10,8
484,0,6,7,8,5,6,4,9,8,5,5,7,7,8,6,8
485,0,4,4,5,5,5,5,4,5,4,2,2,2,5,5,5
486,1,8,7,8,7,7,8,8,8,7,8,7,8,9,8,8
487,1,8,8,7,5,9,7,3,5,8,7,9,4,8,8,5
488,0,8,7,7,7,4,6,4,7,6,4,5,5,6,6,4
489,0,2,2,2,2,2,2,5,4,6,2,2,8,8,5,2
490,0,5,5,5,5,5,5,5,5,5,5,5,5,5,5,5
491,1,10,8,8,8,9,7,8,7,6,7,9,9,9,7,9
492,1,8,8,8,8,9,5,8,8,9,9,9,9,8,7,8
493,0,8,7,9,8,7,8,9,8,8,7,8,9,9,9,8
494,0,8,8,8,5,8,8,8,5,8,2,3,5,8,5,8
495,1,8,7,8,8,8,6,10,10,9,9,8,10,8,8,9
496,0,7,6,7,7,3,5,5,8,7,4,3,2,7,5,5
497,0,5,7,5,6,9,6,9,8,8,5,7,5,7,7,8
498,0,8,7,7,5,5,7,8,9,7,6,5,8,9,8,8
499,1,8,8,8,8,8,8,8,9,9,5,5,5,8,8,8
500,1,9,8,9,9,8,9,9,9,9,8,9,9,9,9,8
501,0,8,8,8,8,9,8,8,7,8,3,9,9,8,8,7
502,1,10,10,10,10,10,10,9,9,9,4,6,7,8,9,10
503,0,5,5,6,4,4,7,5,7,7,4,4,9,9,6,5
504,0,5,8,7,7,7,6,8,6,8,6,8,8,8,8,7
505,1,9,6,10,5,10,5,10,9,9,6,7,4,8,9,10
506,0,7,7,6,8,5,5,7,5,5,3,5,8,8,7,9
507,1,7,7,8,7,8,8,8,7,8,8,8,8,8,8,8
508,1,8,6,7,8,5,7,5,7,6,6,6,9,9,6,8
509,0,6,8,8,7,8,5,9,8,7,7,8,8,8,8,9
510,0,6,6,6,5,6,4,5,5,4,4,4,6,6,5,6
511,1,8,8,8,8,8,8,8,8,8,8,8,8,8,8,8
512,1,10,10,9,10,10,9,10,9,9,10,9,10,10,10,10
513,0,5,5,5,5,5,5,5,5,5,5,5,5,5,5,5
514,1,10,9,9,10,9,8,10,9,7,7,10,9,8,10,10
515,1,7,7,6,7,8,5,7,6,8,7,9,10,6,9,6
516,0,5,6,6,6,2,6,6,3,6,6,7,6,3,6,7
517,0,5,5,8,5,5,3,3,3,3,4,7,7,7,7,7
518,1,5,5,8,8,5,8,8,5,2,8,8,8,9,7,7
519,1,9,9,9,8,9,5,8,9,9,9,9,9,10,10,10
520,1,9,7,8,8,7,6,9,8,8,8,10,9,6,6,9
521,0,0,0,0,0,0,5,0,8,5,8,7,7,7,7,5
522,0,5,4,7,7,7,7,8,6,9,3,3,8,8,8,7
523,0,5,5,5,4,4,5,5,5,4,5,3,7,5,4,4
524,0,3,3,6,4,5,6,6,4,7,5,4,7,6,6,5
525,0,5,4,5,5,4,4,6,5,6,4,4,7,6,5,5
526,0,8,9,8,8,9,8,9,7,7,5,5,7,7,7,8
527,0,5,3,6,6,4,4,4,6,6,4,5,6,4,4,4
528,1,9,9,9,8,9,9,10,8,7,8,8,7,7,6,8
529,1,8,9,8,6,8,8,7,9,7,5,8,8,8,8,8
530,0,8,8,7,8,9,7,9,6,7,7,7,7,9,8,8
531,0,9,6,9,7,7,6,9,8,4,5,6,9,9,8,8
532,0,7,7,8,8,7,6,8,7,4,4,7,8,8,7,7
533,0,8,5,7,7,5,8,7,6,3,2,2,5,8,7,9
534,0,9,6,6,6,6,6,7,6,8,4,7,6,7,7,7
535,1,7,6,7,7,7,7,8,7,6,8,8,9,9,9,9
536,1,7,7,6,4,8,8,8,5,6,4,6,6,7,6,8
537,0,6,3,5,5,6,6,0,5,7,8,5,9,9,5,5
538,1,9,9,9,9,9,9,9,9,8,8,9,10,10,9,8
539,0,6,0,2,2,2,0,0,4,0,4,7,7,4,7,3
540,0,5,7,5,5,3,3,6,7,7,5,5,6,7,7,6
541,0,7,6,8,5,5,5,8,5,3,4,5,4,4,5,8
542,1,9,8,10,5,8,9,10,9,5,7,5,9,9,10,9
543,1,8,8,8,8,8,8,8,8,8,8,8,8,8,8,8
544,0,6,5,7,6,5,5,7,6,5,4,4,8,7,7,7
545,1,8,8,9,8,7,10,10,9,7,8,9,9,9,9,10
546,1,8,8,10,8,10,5,8,8,5,5,8,10,8,10,10
547,1,8,8,8,7,6,8,8,7,8,7,8,8,8,8,7
548,0,3,4,4,4,2,1,7,2,0,0,0,8,8,2,5
549,1,8,8,8,7,8,7,8,9,8,6,7,6,7,9,8
550,1,9,7,8,8,10,8,10,8,7,7,8,8,8,8,9
551,0,6,3,3,4,3,3,6,7,6,6,7,7,5,5,6
552,0,8,6,8,7,9,8,9,8,5,7,9,8,9,9,7
553,0,0,3,1,0,0,0,0,0,4,0,0,2,0,0,0
554,1,8,8,8,8,8,9,9,9,9,8,9,9,9,9,9
555,0,7,8,9,5,7,8,9,8,7,7,7,7,7,7,7
556,0,6,6,8,4,4,5,8,6,2,5,5,7,8,5,7
557,0,7,6,8,6,5,6,8,8,6,3,3,8,8,4,7
558,0,8,7,8,7,7,7,8,7,6,5,5,7,8,7,7
559,0,5,7,7,7,5,5,7,5,7,3,5,7,8,9,8
560,1,8,8,8,7,9,9,9,9,6,6,8,9,9,9,10
561,0,7,7,6,7,5,6,7,6,5,4,3,6,9,6,6
562,0,10,10,10,10,8,8,10,10,10,5,8,10,10,10,10
563,1,9,10,10,9,9,10,10,9,6,2,6,9,9,10,10
564,1,10,10,10,10,7,10,10,7,10,7,7,7,7,7,7
565,0,8,7,8,6,7,7,8,7,7,6,8,8,8,6,8
566,1,10,9,10,9,10,10,10,8,8,8,8,7,7,8,7
567,0,6,6,5,3,4,7,7,6,0,3,1,5,7,4,6
568,1,9,9,10,10,9,8,10,9,9,9,9,9,9,9,9
569,1,10,10,10,10,10,10,10,10,10,8,8,9,10,9,9
570,1,9,10,9,7,10,10,10,10,7,6,7,9,10,10,10
571,0,9,7,9,7,8,7,9,8,4,4,7,7,6,9,9
572,1,10,10,10,10,10,10,10,10,10,10,10,10,10,10,10
573,1,9,8,8,7,8,7,9,9,10,8,8,8,9,9,10
574,0,5,5,6,3,5,5,5,5,2,4,3,5,6,6,5
575,1,8,10,9,5,7,5,6,8,9,9,8,8,10,9,8
576,0,9,9,8,9,8,8,8,9,8,7,8,10,8,9,8
577,0,0,5,5,5,5,5,5,4,0,0,5,5,7,5,5
578,1,9,9,9,9,7,9,9,8,6,5,6,7,8,8,7
579,1,10,10,10,10,10,10,10,10,10,10,10,10,10,10,10
580,0,4,2,5,5,2,5,8,5,4,2,7,8,8,5,5
581,0,4,3,6,5,4,4,7,5,5,5,4,5,7,7,5
582,0,7,7,9,7,7,7,9,7,7,5,6,8,9,8,9
583,0,5,5,7,3,3,3,5,5,5,3,3,3,6,5,4
584,0,5,5,8,5,1,2,5,6,6,2,2,2,2,2,2
585,0,6,6,5,3,7,6,8,7,6,2,3,5,7,6,7
586,0,0,0,0,0,0,0,0,0,0,0,0,0,0,0,0
587,0,5,1,8,4,4,1,8,7,1,1,3,5,8,4,4
588,0,0,0,3,2,2,0,1,5,0,3,7,3,6,0,2
589,1,10,10,10,10,10,10,10,10,9,9,10,10,10,10,10
590,0,5,5,5,5,5,5,5,5,5,5,5,5,5,5,5
591,0,5,2,5,3,5,3,5,5,5,3,3,7,5,5,3
592,1,10,9,9,9,9,9,9,9,9,8,9,9,9,10,10
593,0,5,2,8,2,4,0,9,9,0,0,3,5,9,9,7
594,1,6,8,8,4,3,4,9,9,4,3,3,6,6,8,8
595,1,8,8,10,8,8,9,10,9,9,9,8,8,9,9,9
596,0,5,5,5,7,5,7,9,8,7,4,7,7,9,5,8
597,1,10,10,8,8,7,8,8,10,8,7,7,7,8,9,9
598,1,9,10,9,7,8,5,8,7,8,5,5,5,8,9,5
599,1,7,7,9,6,7,8,7,8,7,9,9,10,3,8,8
600,0,6,7,7,6,6,6,7,7,6,4,4,6,6,4,4
601,1,8,8,7,8,9,7,8,7,8,1,0,4,6,8,9
602,0,7,8,7,6,2,6,6,2,6,7,4,2,2,1,4
603,0,6,6,8,5,4,3,8,7,6,2,5,5,6,5,5
604,0,1,0,1,3,0,0,4,0,6,0,0,0,2,5,0
605,1,7,6,6,7,6,6,6,10,6,8,10,6,6,6,6
606,0,5,4,6,5,4,5,4,5,3,4,4,7,7,5,5
607,0,10,9,5,10,9,10,8,5,6,4,8,8,5,7,10
608,0,9,7,9,5,3,5,5,7,8,6,7,7,8,5,5
609,0,6,6,8,7,3,7,9,6,8,5,5,2,4,7,8
610,1,8,10,8,8,3,5,5,5,9,0,5,5,0,5,5
611,0,7,8,6,6,4,7,5,6,8,6,8,4,4,4,5
612,0,10,9,9,8,10,10,10,9,7,8,9,9,9,9,10
613,0,6,6,6,6,5,6,6,6,8,3,5,6,8,5,6
614,1,8,8,7,5,5,5,3,6,6,3,5,5,5,5,7
615,1,9,10,9,10,10,10,10,9,9,9,9,10,10,10,10
616,0,6,6,7,5,8,4,8,8,8,5,5,5,8,7,5
617,1,8,8,10,9,8,10,10,9,9,8,9,10,9,9,10
618,1,10,10,10,10,10,10,9,10,9,9,10,10,10,10,9
619,1,10,10,10,10,10,10,10,10,10,10,10,10,10,10,10
620,0,7,7,6,3,4,4,6,4,4,4,6,6,4,4,6
621,0,6,4,4,4,3,2,2,4,8,1,2,4,1,2,3
622,1,10,8,9,8,8,9,7,9,8,7,8,9,8,8,7
623,1,10,7,10,10,7,10,7,10,7,10,10,10,10,10,7
624,1,7,7,7,7,7,7,7,7,7,7,7,7,7,7,7
625,1,7,9,10,7,8,7,10,8,8,7,7,9,9,9,8
626,0,5,5,6,6,3,5,6,5,6,6,6,7,8,7,7
627,0,5,4,3,5,3,1,5,5,4,2,3,3,5,4,4
628,1,10,10,10,9,10,10,10,9,9,8,9,10,10,10,10
629,1,6,4,10,3,5,8,10,10,7,2,3,9,10,8,10
630,1,10,6,8,6,6,8,10,8,6,5,2,5,8,8,8
631,0,6,3,6,6,3,2,6,6,4,3,3,5,6,6,3
632,1,9,8,9,8,7,8,9,9,10,9,7,9,9,9,9
633,0,0,0,5,0,0,0,9,0,0,0,0,0,7,0,0
634,0,7,6,0,7,5,5,10,10,7,5,5,0,10,9,10
635,1,9,9,9,9,7,7,9,7,7,5,5,5,7,7,9
636,1,10,9,9,10,9,10,10,9,9,8,8,8,10,9,10
637,0,7,5,9,5,5,6,9,7,6,3,5,5,8,8,9
638,1,10,8,10,10,8,10,9,10,10,10,10,8,10,10,8
639,1,10,9,10,10,9,9,10,9,8,7,9,10,10,10,10
640,1,10,9,9,8,9,9,9,8,8,7,8,8,9,9,9
641,0,2,2,8,5,6,1,8,6,2,5,3,10,10,10,5
642,0,10,10,10,7,7,7,10,7,9,7,7,7,9,3,10
643,1,8,8,8,8,9,5,10,9,5,5,5,5,8,9,9
644,1,9,9,9,9,9,9,9,9,9,9,9,9,9,9,9
645,0,7,6,8,5,6,5,7,6,7,6,6,8,8,7,8
646,1,9,9,10,10,9,10,10,9,9,8,9,9,10,10,10
647,1,9,8,10,9,9,9,9,8,8,7,7,9,9,9,9
648,1,7,9,9,5,8,8,9,8,9,7,8,10,8,9,8
649,1,9,9,10,10,9,9,9,10,9,9,9,10,10,9,9
650,1,10,10,10,10,10,10,10,9,9,5,8,10,10,9,9
651,1,8,8,10,8,10,10,10,9,8,8,8,10,8,9,8
652,0,7,4,5,5,5,6,5,5,4,6,7,8,8,5,6
653,0,7,6,6,5,5,5,6,6,4,3,5,5,7,5,4
654,0,7,8,9,7,7,8,7,7,7,4,6,8,7,9,9
655,1,10,10,10,10,10,10,10,10,10,10,10,10,10,10,10
656,1,10,10,10,10,10,10,10,10,10,10,10,10,10,10,10
657,0,6,5,8,5,4,5,7,7,6,7,5,8,8,8,9
658,0,4,6,3,4,4,6,9,6,7,5,7,6,9,7,8
659,1,9,8,7,8,8,8,7,8,8,7,6,7,7,6,9
660,0,6,4,4,1,6,4,5,5,3,1,2,7,7,5,5
661,0,6,5,7,6,5,5,7,6,5,4,5,5,5,5,5
662,1,9,8,8,7,8,7,8,8,8,7,8,8,8,7,8
663,1,9,8,9,8,8,9,8,8,8,7,8,9,9,8,8
664,1,8,6,8,6,8,7,8,7,7,4,6,7,8,6,7
665,1,7,8,7,6,7,7,7,8,9,8,7,7,9,9,8
666,0,6,7,8,6,5,5,8,5,5,6,7,7,8,8,8
667,1,6,6,8,6,4,6,9,9,9,7,6,6,9,5,4
668,0,6,6,8,8,7,6,8,6,6,8,7,7,9,7,7
669,0,9,9,9,9,9,8,8,6,6,7,6,8,8,4,3
670,1,10,10,8,9,9,10,10,8,10,9,10,10,10,10,9
671,1,7,7,6,7,6,6,6,6,6,7,9,9,9,8,6
672,1,8,9,8,10,8,7,9,9,10,4,5,9,8,9,10
673,1,10,9,10,10,10,10,10,10,9,9,9,10,10,10,10
674,1,10,10,9,10,10,10,10,9,10,9,9,10,9,10,10
675,1,10,9,10,10,9,10,10,10,9,8,9,9,10,9,10
676,1,8,7,7,7,7,6,6,4,6,4,0,6,6,4,4
677,0,5,5,8,5,8,7,8,8,7,5,6,6,8,6,5
678,0,9,10,10,9,9,9,8,7,9,7,9,9,8,6,8
679,1,8,10,9,9,8,9,8,8,8,2,3,8,6,8,9
680,0,5,3,6,5,2,6,7,9,9,8,8,2,8,3,3
681,1,8,7,7,7,7,8,9,6,9,8,7,8,10,8,5
682,1,10,10,10,10,10,10,10,9,9,9,10,10,10,10,9
683,0,4,8,6,4,2,3,4,5,4,2,6,3,9,8,5
684,1,10,10,10,10,10,10,10,10,10,9,9,10,10,10,10
685,1,10,10,10,10,10,10,10,10,10,10,10,10,10,10,10
686,1,9,10,10,10,8,7,8,8,7,6,10,9,10,3,5
687,1,9,8,9,9,6,6,9,8,9,7,9,9,10,10,10
688,1,9,8,8,7,8,6,10,8,7,8,8,8,9,7,8
689,1,7,8,8,6,8,7,8,8,7,6,7,7,8,9,7
690,1,8,8,8,9,8,7,8,8,8,7,8,7,8,8,8
691,1,8,8,8,8,7,5,9,8,7,2,5,8,8,8,8
692,1,10,10,10,9,8,8,10,10,9,9,8,5,10,10,10
693,0,6,6,6,6,6,6,6,7,7,3,4,4,6,7,7
694,1,9,9,9,7,8,4,9,8,6,4,6,7,8,9,9
695,0,8,8,8,7,7,6,8,7,7,5,5,7,8,6,8
696,1,8,7,7,6,6,6,8,8,7,6,6,6,8,7,8
697,1,10,9,10,10,8,8,10,8,8,8,7,8,8,8,8
698,0,7,8,9,7,7,6,7,5,6,4,4,7,7,7,7
699,1,4,7,9,7,9,9,10,7,7,7,8,10,10,10,2
700,1,9,9,9,9,9,9,9,8,8,7,7,8,9,9,9
701,1,7,7,6,6,6,6,8,6,8,8,7,8,8,7,6
702,1,9,8,10,9,9,8,10,8,8,8,8,9,9,10,10
703,1,9,8,9,8,8,8,9,7,8,8,9,9,9,8,8
704,1,8,8,9,7,9,7,9,8,8,3,6,8,8,5,5
705,0,6,8,6,6,8,6,9,6,4,4,8,8,8,8,6
706,1,9,9,9,9,8,8,5,5,5,7,8,9,9,5,5
707,1,8,9,8,8,7,8,9,8,8,8,8,8,9,9,10
708,1,10,10,9,10,10,10,10,10,9,10,9,9,10,10,10
709,1,7,8,6,7,6,5,6,6,4,4,7,6,7,7,6
710,1,9,8,8,8,9,7,9,8,7,6,6,6,8,9,9
711,1,9,9,9,9,8,8,9,8,8,9,7,8,8,9,9
712,1,9,9,9,9,8,8,9,8,7,7,6,9,9,8,8
713,0,8,8,8,7,6,5,8,7,7,5,5,8,8,7,8
714,0,7,9,9,7,7,8,10,8,6,6,9,9,7,8,7
715,1,10,10,10,10,10,10,10,9,10,8,8,10,10,10,10
716,1,10,10,10,10,10,10,10,9,8,9,10,10,10,10,10
717,1,9,9,10,8,7,9,9,8,8,8,8,8,8,8,8
718,0,3,4,5,3,3,3,5,4,5,4,4,6,5,5,5
719,1,8,8,7,7,8,9,9,8,7,4,7,9,8,8,8
720,1,9,9,8,8,7,7,9,8,6,6,6,7,9,7,7
721,1,10,10,10,10,10,10,10,10,5,4,6,10,10,10,10
722,0,7,7,7,7,7,6,8,7,7,6,6,7,8,8,8
723,1,10,10,10,9,9,8,10,9,10,10,10,10,9,10,9
724,1,10,10,10,10,10,5,10,10,9,8,9,10,10,10,10
725,1,8,8,9,8,7,8,9,9,9,5,5,7,8,8,8
726,1,9,9,9,9,7,7,8,8,5,6,6,8,9,8,7
727,1,8,9,9,9,7,8,8,9,8,7,7,9,10,8,8
728,1,9,9,9,9,9,8,7,9,7,7,8,9,10,8,8
729,0,6,9,4,6,2,2,8,8,8,2,6,0,0,8,8
730,1,9,9,9,7,8,6,10,9,9,8,7,8,9,8,9
731,1,9,9,9,10,9,9,10,10,10,7,8,10,10,10,9
732,1,10,10,10,10,10,10,10,10,10,8,8,10,10,10,10
733,1,8,10,7,8,6,6,8,7,7,4,8,10,10,9,9
734,1,9,9,10,8,8,8,9,8,7,7,8,7,9,8,8
735,1,10,10,10,8,9,10,10,8,9,10,10,9,10,8,10
736,1,8,8,8,7,8,7,8,8,9,6,7,8,8,7,8
737,1,9,8,9,8,9,8,10,10,5,8,9,9,9,9,9
738,1,8,7,8,9,7,7,9,8,9,8,7,8,9,8,9
739,1,6,7,8,8,6,8,9,6,2,3,5,5,8,9,5
740,1,9,9,9,9,9,9,9,9,9,9,8,9,10,9,9
741,1,9,10,9,9,8,9,10,9,7,7,9,9,9,9,10
742,0,8,8,8,9,8,8,9,8,9,8,8,8,8,8,9
743,1,10,10,10,8,10,10,10,10,10,10,10,10,10,10,10
744,1,8,10,9,9,7,8,9,9,8,8,9,9,9,8,8
745,1,8,9,7,8,10,7,10,7,6,0,0,4,8,8,10
746,1,10,10,10,10,7,10,10,9,6,6,9,9,7,10,10
747,1,10,10,10,9,9,9,10,9,9,8,8,9,9,9,10
748,1,8,9,10,10,9,10,10,9,10,9,10,9,10,10,10
749,1,9,10,9,8,9,8,10,9,9,9,9,10,10,10,10
750,0,6,7,9,7,7,4,10,5,0,0,5,10,10,10,10
751,1,9,9,9,9,9,8,8,8,8,8,9,9,9,9,9
752,1,7,8,8,6,9,7,7,7,8,6,7,9,9,9,8
753,0,4,5,5,5,6,5,7,5,5,5,5,5,5,5,5
754,1,9,9,9,8,8,8,9,8,6,7,8,9,9,9,9
755,1,7,8,9,8,8,8,10,5,6,1,3,10,10,9,8
756,1,8,9,10,8,8,8,10,9,8,7,10,10,9,8,8
757,0,5,5,5,5,5,5,5,5,5,0,5,5,6,5,5
758,1,8,9,8,9,8,8,9,9,8,8,8,9,9,9,9
759,0,5,6,6,6,5,5,5,5,5,4,3,4,4,4,4
760,1,10,10,10,10,10,10,10,10,9,10,10,10,10,10,10
761,1,8,8,8,9,8,7,8,8,8,7,7,8,8,8,9
762,1,10,10,10,9,7,7,10,9,7,7,7,10,10,9,10
763,1,9,9,9,9,9,9,9,9,9,9,9,9,9,9,9
764,1,9,10,10,8,9,10,10,8,10,7,7,7,8,7,8
765,1,8,8,8,6,6,5,9,7,6,6,8,8,8,8,8
766,1,8,9,9,7,8,7,9,8,8,8,8,7,8,8,8
767,0,6,7,8,6,5,6,8,8,6,6,5,9,8,6,5
768,1,8,9,10,10,9,9,10,9,8,7,8,10,10,8,9
769,1,9,9,9,9,9,9,10,9,8,7,9,9,9,9,9
770,1,9,9,10,9,8,8,9,7,7,5,7,7,8,7,9
771,1,7,8,8,6,7,7,8,8,7,7,7,8,8,7,8
772,1,10,9,9,8,9,10,9,9,7,8,8,8,9,9,9
773,1,9,8,9,9,8,9,9,9,8,8,8,8,9,8,9
774,1,10,10,10,10,10,10,10,10,7,5,4,10,10,8,10
775,1,9,10,10,9,9,8,10,9,5,5,5,8,9,9,10
776,0,7,8,8,7,4,5,6,7,9,6,7,9,9,7,6
777,1,9,9,10,7,9,8,8,9,8,6,9,9,10,10,9
778,1,10,10,10,10,10,10,10,10,10,9,10,10,10,10,10
779,1,10,10,10,10,10,10,10,10,10,10,10,10,10,10,10
780,1,10,10,10,10,10,9,8,10,7,6,7,9,10,10,10
781,1,9,9,9,9,9,9,9,9,9,8,9,9,9,9,9
782,1,9,10,10,9,8,8,9,7,5,5,5,8,8,8,8
783,1,8,7,8,7,3,8,4,4,6,4,3,7,6,6,7
784,1,8,10,9,8,8,9,10,8,8,6,8,9,9,9,9
785,0,9,10,8,6,7,6,9,8,6,7,6,9,9,9,6
786,1,9,9,9,10,9,9,9,8,9,8,9,9,9,9,10
787,1,8,9,9,8,8,8,8,9,8,7,9,10,9,8,8
788,1,9,8,9,9,9,8,9,8,8,9,8,7,8,9,9
789,1,4,4,8,4,3,6,9,5,5,4,9,8,4,5,4
790,1,9,10,10,10,9,10,10,10,8,8,9,10,10,10,10
791,1,10,10,10,10,9,9,10,10,9,9,9,10,10,10,10
792,1,9,9,9,4,6,8,8,7,8,6,7,7,9,8,7
793,1,7,7,7,6,6,6,8,6,4,4,6,7,9,9,7
794,0,8,8,7,8,7,6,8,8,7,8,8,8,9,9,9
795,1,7,10,8,9,6,6,8,8,4,4,7,8,8,6,7
796,0,8,10,6,8,6,6,8,8,6,6,5,5,8,7,6
797,1,10,10,10,10,10,7,10,10,10,8,8,10,10,10,10
798,1,8,8,8,9,7,8,10,8,7,6,8,9,9,9,9
799,1,7,7,6,7,7,6,8,7,8,6,8,7,8,8,7
800,0,7,9,8,8,9,7,9,8,8,8,8,8,9,8,8
801,1,8,9,9,9,7,8,9,7,8,7,9,9,9,9,8
802,1,10,10,10,10,10,10,10,10,10,10,10,10,10,10,10
803,0,7,7,8,7,5,10,7,5,7,6,6,6,8,5,7
804,0,7,7,7,8,7,7,8,9,7,6,6,8,8,8,7
805,1,10,10,9,10,9,9,10,10,5,9,10,10,10,10,10
806,1,9,9,9,10,10,9,10,9,9,8,9,10,10,9,9
807,0,5,5,5,4,7,3,8,5,4,4,7,7,8,8,7
808,1,8,8,10,9,9,7,9,9,8,7,7,8,10,10,10
809,1,3,5,5,1,4,5,9,7,5,5,8,8,10,8,3
810,1,10,10,10,10,10,9,10,10,8,7,9,10,10,5,10
811,1,10,10,9,10,7,9,10,10,9,5,3,8,9,10,10
812,0,8,7,4,5,4,3,9,8,5,4,7,9,5,9,3
813,1,10,10,10,8,9,8,10,9,9,8,9,9,10,10,9
814,0,9,9,6,6,3,6,2,8,8,3,8,2,9,0,8
815,0,4,5,4,4,0,3,6,4,3,4,3,3,3,5,4
816,1,8,8,10,9,9,9,10,10,9,9,10,8,10,9,10
817,1,9,8,8,8,4,6,7,7,8,7,7,7,7,7,8
818,0,7,6,9,7,6,5,9,8,8,3,7,10,9,8,8
819,0,6,7,7,6,7,4,8,7,8,6,4,8,8,8,8
820,1,8,8,9,9,8,7,10,7,8,7,8,8,8,8,8
821,0,9,9,9,7,7,8,8,9,7,7,7,8,7,8,8
822,0,6,7,5,6,7,5,7,4,5,3,4,3,6,6,5
823,1,10,10,10,10,10,10,10,8,9,10,9,9,9,9,9
824,0,7,9,5,7,6,5,7,8,8,5,6,7,6,7,6
825,0,2,2,7,0,5,0,6,5,0,3,1,5,10,5,5
826,1,9,10,10,9,7,8,9,8,7,7,7,8,8,8,9
827,1,10,10,9,10,9,10,10,8,7,6,7,7,8,8,9
828,1,9,9,9,8,10,7,9,9,9,7,7,10,9,9,10
829,1,9,8,9,9,8,8,10,9,7,7,7,10,9,9,10
830,0,9,10,8,7,0,5,10,8,7,0,0,10,8,5,5
831,0,10,10,7,7,7,5,5,4,6,5,5,5,3,9,4
832,1,7,5,7,7,7,9,7,7,7,5,7,7,7,7,7
833,0,8,8,7,6,8,7,8,8,7,6,7,9,9,8,8
834,0,9,8,9,9,8,9,10,9,9,7,10,10,10,8,9
835,0,8,8,8,5,5,6,9,6,9,6,6,8,8,9,5
836,1,8,6,7,7,6,8,8,8,7,7,8,7,7,7,7
837,1,8,8,8,8,8,8,9,8,9,8,7,8,8,8,8
838,0,10,5,5,5,5,5,0,5,5,3,3,1,5,5,0
839,0,2,3,5,1,3,5,5,2,2,4,4,2,2,2,5
840,1,6,9,8,6,8,9,9,8,6,7,6,8,9,8,8
841,0,5,2,5,5,3,3,5,5,5,4,5,5,7,5,5
842,1,8,9,9,9,8,9,9,9,8,8,9,9,9,9,9
843,0,9,5,8,8,7,5,9,9,9,3,5,8,8,9,8
844,1,8,5,8,8,4,7,9,7,4,9,9,8,8,9,8
845,1,7,7,8,8,9,7,8,8,8,9,10,9,9,9,8
846,0,8,8,9,7,8,8,8,8,10,7,7,9,9,7,7
847,0,5,4,7,5,4,2,7,7,7,7,6,6,7,7,7
848,1,6,8,9,8,8,8,10,8,8,8,9,9,9,9,10
849,1,10,5,8,8,8,7,8,7,2,5,9,9,8,7,5
850,1,8,10,10,10,10,10,10,10,10,9,10,9,10,10,10
851,1,5,5,7,7,5,4,7,5,8,6,7,9,10,8,7
852,0,5,5,7,5,4,4,10,5,4,4,10,10,8,8,10
853,1,10,10,10,10,10,8,10,10,10,9,10,10,10,10,10
854,0,7,6,7,5,6,8,7,8,6,5,8,6,9,8,8
855,1,10,10,10,5,9,9,10,9,8,8,10,10,10,10,10
856,0,5,4,8,3,6,3,8,5,4,5,5,5,7,3,5
857,1,10,10,10,10,10,10,10,10,10,10,7,10,10,10,10
858,1,10,9,9,8,10,9,10,9,9,9,9,9,9,10,10
859,0,7,7,6,7,6,5,7,4,7,5,6,8,7,5,5
860,0,6,8,7,0,5,5,8,7,8,5,4,7,9,8,8
861,0,8,8,8,10,10,10,10,10,8,8,9,10,10,8,8
862,0,7,7,7,7,7,7,7,7,5,5,6,5,7,5,6
863,1,10,8,8,7,8,8,9,8,8,9,9,8,8,8,8
864,1,10,10,9,10,10,9,10,10,10,9,9,10,9,10,10
865,0,8,8,10,9,8,7,9,7,7,7,8,9,8,8,9
866,0,6,7,6,6,6,7,7,6,7,7,7,8,8,7,7
867,1,9,9,9,9,9,9,9,9,9,9,9,9,9,9,9
868,1,9,8,10,9,4,5,9,7,9,6,8,9,8,8,8
869,1,9,6,7,8,6,9,8,8,8,5,5,9,8,8,7
870,0,9,7,9,8,9,7,10,9,8,4,4,8,10,9,9
871,0,6,4,4,2,2,2,7,5,6,4,4,4,4,3,4
872,0,4,5,5,4,0,2,3,6,6,5,5,3,7,6,4
873,1,8,7,8,8,8,7,8,8,7,7,8,8,8,8,8
874,1,10,8,10,9,9,9,10,8,9,7,8,10,10,10,10
875,0,5,8,5,5,8,7,8,8,7,7,8,8,9,8,5
876,1,10,9,9,10,10,9,10,9,10,6,8,8,9,10,10
877,1,8,9,10,8,8,8,9,8,8,8,8,9,10,8,9
878,1,8,7,9,7,7,9,9,8,8,8,7,4,7,4,8
879,1,10,8,8,10,10,10,10,10,10,10,10,10,10,10,10
880,1,9,5,5,5,9,8,9,9,5,5,5,5,9,5,5
881,0,7,8,4,7,6,2,10,6,9,7,5,5,10,10,9
882,1,10,10,10,10,10,10,10,10,10,10,10,10,10,10,10
883,1,10,10,10,8,8,7,10,8,8,7,10,10,10,10,10
884,1,10,9,10,10,10,10,10,10,9,6,9,10,10,10,10
885,1,7,6,6,8,7,7,8,7,7,6,7,8,8,7,8
886,1,9,9,7,8,7,8,9,9,8,7,6,9,9,9,9
887,1,8,8,8,8,8,8,8,8,8,8,8,8,8,8,8
888,0,9,9,9,5,5,5,9,7,7,1,5,8,5,8,8
889,0,8,8,7,10,8,5,9,9,7,0,7,8,9,9,8
890,1,8,5,8,8,9,8,9,8,5,5,5,9,9,9,8
891,1,10,8,9,9,9,8,8,8,7,8,9,10,8,9,8
892,1,10,10,10,10,10,10,10,10,10,9,10,10,10,10,10
893,1,7,9,9,8,8,5,10,7,5,5,5,5,9,9,9
894,1,10,9,9,9,9,9,9,8,9,8,8,8,7,9,9
895,0,9,10,10,10,7,5,8,9,9,5,8,9,9,6,7
896,1,9,5,9,9,6,9,9,9,6,7,7,9,9,9,9
897,1,10,10,9,10,9,9,10,8,10,8,10,10,9,10,9
898,0,7,8,8,5,6,8,9,8,4,4,6,8,9,8,4
899,1,5,8,7,7,8,7,8,8,8,7,8,8,8,8,8
900,1,9,9,9,9,9,9,9,8,8,2,2,1,9,2,8
901,0,8,8,8,8,8,6,8,8,8,8,8,8,8,8,8
902,1,8,9,9,5,6,7,8,7,8,3,4,7,7,8,8
903,0,6,8,9,5,8,7,9,9,9,5,5,8,9,9,9
904,1,8,5,7,7,7,7,8,7,6,5,7,8,8,8,8
905,1,10,10,9,8,7,7,10,9,8,8,10,10,9,9,10
906,1,9,9,9,9,9,9,9,9,9,9,9,10,9,9,9
907,1,8,8,10,9,9,10,10,7,5,6,8,8,9,9,9
908,1,8,8,9,8,7,8,9,8,8,7,7,7,9,9,7
909,1,9,9,9,9,8,9,9,7,7,6,9,9,7,9,9
910,1,8,7,9,9,7,8,9,8,8,6,7,7,9,8,8
911,1,9,10,9,10,10,10,10,9,5,7,9,9,9,9,10
912,0,6,4,8,6,7,7,9,6,6,8,8,8,10,6,6
913,0,4,2,8,5,4,6,7,8,3,3,2,2,9,5,3
914,1,10,10,10,10,10,9,10,10,10,10,10,10,10,10,10
915,0,9,9,9,9,9,9,9,9,9,7,8,9,9,9,8
916,1,4,6,9,4,6,6,9,8,7,4,8,9,9,6,6
917,1,8,9,9,8,8,9,9,8,8,7,8,7,8,8,8
918,1,8,8,8,8,9,8,9,8,8,8,8,9,9,9,8
919,0,8,7,3,6,6,2,6,7,3,2,5,8,9,6,7
920,0,7,8,8,7,3,5,8,7,5,6,6,6,6,6,6
921,0,8,7,8,7,8,9,9,9,7,6,7,7,8,9,8
922,1,9,9,8,9,8,8,8,8,8,8,5,5,8,8,8
923,1,7,8,8,6,7,9,8,9,7,5,3,5,8,7,7
924,0,6,7,4,6,6,7,7,6,7,6,6,7,8,6,6
925,1,8,8,8,7,8,8,9,9,9,8,8,9,9,9,9
926,1,9,9,9,9,5,8,9,8,7,3,6,9,8,7,8
927,1,8,9,7,7,8,7,9,8,8,6,6,8,8,8,9
928,1,8,9,10,9,9,8,9,9,8,8,8,9,9,9,9
929,1,8,10,10,10,10,8,9,8,9,5,4,8,9,8,9
930,1,9,9,8,9,10,10,9,9,10,10,10,9,10,10,9
931,1,8,7,9,8,7,7,9,7,7,7,6,8,8,8,7
932,0,7,6,7,8,7,7,8,7,7,4,3,7,8,8,7
933,1,10,10,10,10,10,10,10,10,10,10,10,9,10,10,10
934,0,5,0,5,0,5,0,5,5,0,0,0,5,5,0,5
935,1,7,7,8,9,8,7,8,9,8,6,8,9,10,7,7
936,0,6,5,6,4,6,5,7,7,6,5,4,6,6,6,6
937,1,8,9,9,8,9,10,9,8,9,6,7,8,9,9,9
938,1,7,8,8,6,8,6,9,9,7,5,6,10,9,8,8
939,1,8,9,8,8,8,9,9,8,9,7,8,9,8,8,8
940,0,8,8,8,8,8,8,8,8,7,5,5,6,7,7,8
941,1,8,6,7,6,7,7,9,8,5,6,6,6,8,7,7
942,1,10,10,9,9,10,10,10,10,10,10,10,5,9,10,9
943,1,8,8,9,8,7,8,8,9,6,7,8,7,9,7,8
944,1,6,6,5,4,4,4,5,5,5,3,4,7,8,6,6
945,1,10,9,9,7,9,7,9,9,6,6,9,10,9,9,9
946,1,8,9,8,9,7,5,9,7,7,6,6,9,9,7,6
947,1,10,10,10,8,10,10,10,10,10,5,5,10,10,10,10
948,1,8,10,7,9,5,4,4,10,8,5,3,4,9,8,8
949,1,7,8,9,8,7,9,8,7,9,8,6,6,8,7,9
950,1,9,9,10,9,9,9,10,9,9,7,7,9,10,9,9
951,1,8,8,5,5,7,7,9,7,7,5,5,6,8,8,7
952,0,6,6,6,6,7,7,8,8,6,4,4,8,9,7,8
953,0,9,6,8,8,4,8,7,8,4,5,6,8,8,4,5
954,1,8,8,8,8,7,8,9,8,9,8,9,9,10,8,8
955,1,9,7,8,8,8,8,8,9,7,7,7,7,9,9,9
956,1,10,7,6,10,9,9,10,10,7,7,6,10,10,8,10
957,0,4,4,6,4,4,4,6,4,4,4,4,4,7,4,6
958,1,8,10,10,10,8,10,10,10,8,10,7,10,10,10,10
959,1,8,7,9,8,8,8,7,8,9,6,7,9,8,8,8
960,0,5,2,3,2,2,4,4,3,7,2,2,3,3,3,5
961,0,7,7,7,6,7,8,8,6,5,0,6,5,8,8,10
962,0,0,0,0,0,1,0,5,0,3,6,4,4,7,0,5
963,0,7,4,8,4,8,4,7,8,4,4,4,4,8,8,8
964,0,4,4,7,4,6,6,9,8,6,0,0,4,9,7,8
965,1,9,8,10,10,10,9,10,10,9,9,9,10,10,10,10
966,1,8,9,10,8,7,6,9,9,9,9,9,9,9,9,9
967,1,8,8,8,5,8,8,7,7,5,8,8,6,9,6,7
968,0,6,6,4,4,6,6,8,8,4,4,4,5,9,4,6
969,1,6,7,7,8,8,6,8,7,6,5,5,8,8,8,8
970,1,9,8,8,8,8,7,8,9,8,5,8,8,10,9,8
971,0,8,6,7,5,8,6,4,7,5,5,5,8,9,7,6
972,1,9,9,10,10,9,9,10,9,8,5,5,9,9,10,8
973,1,9,9,9,7,9,9,10,9,9,7,9,9,9,8,8
974,1,10,10,7,8,9,7,8,8,10,10,8,8,10,8,8
975,1,10,10,7,7,9,8,10,7,10,3,8,10,9,9,10
976,1,10,10,8,10,10,8,10,10,10,8,10,10,9,10,10
977,0,6,8,8,5,7,8,8,8,8,5,6,8,9,8,8
978,0,7,7,8,3,4,7,8,8,7,3,3,5,8,6,7
979,1,10,10,10,10,10,10,10,10,10,10,10,10,10,10,10
980,0,8,8,8,8,4,8,7,8,8,8,8,8,8,4,4
981,1,6,8,9,9,8,5,8,9,8,6,6,6,5,6,5
982,1,9,9,8,10,9,5,9,9,5,5,7,9,9,9,9
983,1,10,10,10,10,10,10,10,10,10,10,10,10,10,10,10
984,1,7,7,7,7,8,8,9,8,6,3,8,9,8,8,9
985,0,5,4,5,5,5,5,5,6,4,5,6,9,7,5,5
986,0,8,8,8,7,6,8,8,8,3,3,3,6,8,8,8
987,0,7,7,8,8,5,8,7,8,7,7,6,3,7,7,6
988,1,9,10,9,9,10,10,9,7,10,8,9,10,9,9,10
989,1,8,7,7,8,8,8,8,8,7,7,8,7,8,8,7
990,1,10,10,10,10,10,8,10,10,9,9,9,10,10,8,10
991,0,8,8,6,5,3,8,10,9,10,7,7,7,3,8,6
992,1,8,8,10,8,8,7,9,9,7,3,7,8,9,8,8
993,1,10,10,9,10,9,9,10,9,10,9,10,10,10,10,9
994,1,10,10,10,10,8,10,10,10,10,8,9,10,10,10,10
995,0,9,10,10,9,9,6,6,7,9,4,6,9,10,10,9
996,0,5,5,5,5,6,6,6,5,3,4,5,9,10,6,5
997,0,8,6,7,7,7,5,7,7,5,6,7,9,10,5,7
998,0,4,4,5,6,4,4,6,6,3,4,6,8,8,6,4
999,1,8,9,8,9,9,8,9,8,9,7,7,7,8,8,9
1000,1,9,9,9,9,9,9,10,9,9,9,9,9,10,9,9
1001,1,9,9,10,9,9,8,10,9,9,8,9,10,10,9,8
1002,0,9,9,6,7,6,4,8,3,6,5,5,5,5,5,7
1003,1,7,8,10,7,8,7,9,8,9,9,9,8,10,9,8
1004,0,8,8,8,9,7,5,7,9,10,9,10,10,10,4,4
1005,1,9,9,9,9,9,9,9,9,8,8,9,8,9,9,9
1006,1,10,5,5,10,10,10,10,10,5,5,10,10,10,10,10
1007,1,10,10,10,10,10,10,10,10,8,9,9,10,10,10,10
1008,0,7,7,7,7,7,7,8,8,7,7,8,8,8,7,6
1009,0,8,5,9,9,9,8,9,7,5,5,9,7,6,8,7
1010,0,5,5,5,4,5,6,5,5,5,6,6,8,8,6,5
1011,1,10,10,10,10,10,10,10,10,10,10,10,10,10,10,10
1012,1,7,8,7,7,8,6,9,8,8,5,4,5,9,9,9
1013,0,7,7,7,6,7,8,9,8,7,7,7,9,8,8,8
1014,0,6,7,7,7,7,5,8,7,7,7,6,8,8,8,8
1015,1,4,6,4,4,6,5,8,7,6,4,5,6,8,6,9
1016,0,8,10,10,9,5,9,10,10,10,8,10,10,10,10,10
1017,1,10,10,10,10,10,8,10,10,10,7,10,10,10,10,10
1018,1,8,8,9,8,8,8,8,8,7,7,7,8,9,9,8
1019,1,8,8,10,9,9,9,10,10,6,8,9,10,10,10,9
1020,1,10,10,10,10,8,8,10,10,9,7,8,9,9,10,10
1021,0,1,1,5,5,5,3,5,5,3,4,8,10,9,9,4
1022,1,8,6,8,8,8,8,8,8,8,4,7,6,7,8,8
1023,0,4,4,7,4,6,5,7,5,4,4,5,5,6,5,5
1024,1,10,10,10,10,10,5,10,6,9,5,9,10,10,10,10
1025,0,7,7,7,6,8,7,8,8,7,6,7,8,8,9,9
1026,0,6,4,4,2,2,3,7,5,2,5,7,7,7,8,8
1027,1,9,6,8,7,9,8,10,9,7,6,7,10,9,9,10
1028,0,7,7,7,8,7,8,8,8,9,8,7,8,8,9,8
1029,0,8,8,8,9,8,8,8,7,8,7,8,9,7,8,8
1030,1,10,10,10,10,10,10,10,9,9,7,8,9,8,9,9
1031,1,10,10,10,10,10,9,10,9,10,8,9,8,10,9,10
1032,1,8,8,10,6,5,8,9,7,8,8,10,10,8,8,3
1033,0,7,8,5,5,7,5,4,4,6,2,3,2,5,4,5
1034,1,9,8,9,10,10,9,10,9,10,8,8,8,10,10,10
1035,1,10,10,10,10,10,10,10,10,10,10,10,10,10,10,10
1036,1,9,9,9,8,8,8,9,10,8,8,9,9,9,8,9
1037,1,9,8,9,8,6,5,9,9,7,4,5,9,8,8,8
1038,0,7,8,7,7,8,8,9,8,8,7,8,8,7,9,8
1039,1,9,9,8,9,7,9,9,8,10,10,9,9,9,9,7
1040,1,7,7,7,7,5,6,6,6,6,6,6,6,6,6,6
1041,0,3,4,5,4,6,6,6,7,4,6,4,6,8,6,6
1042,1,0,0,0,0,0,0,0,0,0,0,0,0,5,0,0
1043,1,9,8,10,8,8,9,10,9,8,8,8,9,10,10,10
1044,1,9,9,10,10,8,10,10,9,8,7,8,8,10,10,10
1045,1,8,8,8,8,9,5,9,8,8,7,9,9,9,9,10
1046,1,8,8,7,6,7,7,9,8,7,8,7,7,10,8,8
1047,1,7,8,5,3,8,5,10,5,7,7,7,10,10,10,5
1048,1,10,10,9,10,9,7,9,9,9,8,8,8,9,9,10
1049,1,9,9,9,9,9,8,9,8,9,8,8,8,9,9,9
1050,0,5,5,5,5,5,5,5,5,5,5,5,5,5,5,5
1051,1,10,10,10,9,9,5,10,9,8,7,9,9,10,10,10
1052,1,9,9,10,9,9,10,10,9,7,7,7,9,9,9,9
1053,1,10,10,10,10,8,8,10,10,6,4,4,10,10,10,10
1054,1,8,9,10,8,8,8,10,8,7,8,9,8,10,8,6
1055,0,7,7,5,6,6,6,6,6,5,4,7,8,7,6,7
1056,1,7,7,8,8,7,8,9,7,8,3,4,4,6,8,8
1057,1,8,8,9,7,9,7,8,8,8,9,9,10,9,9,9
1058,1,8,7,9,8,9,8,9,8,7,7,7,9,8,8,8
1059,0,5,5,5,5,5,1,10,5,7,7,7,1,9,5,5
1060,1,8,9,8,9,7,7,8,8,8,7,8,8,9,8,7
1061,0,0,0,2,0,4,3,7,0,0,5,5,5,7,9,5
1062,1,10,10,10,10,10,10,10,10,10,10,10,10,8,10,10
1063,1,8,9,9,10,10,8,7,7,7,8,6,8,7,9,8
1064,0,4,8,3,0,4,3,3,4,4,7,7,7,8,3,3
1065,0,6,7,7,7,7,7,7,7,7,4,6,6,9,7,7
1066,0,5,7,6,8,6,8,7,7,6,4,6,4,7,7,7
1067,1,10,10,10,7,5,8,8,6,10,5,3,4,6,8,5
1068,1,8,8,9,6,6,7,8,7,7,3,2,4,8,7,6
1069,0,5,5,1,1,1,1,6,1,0,0,0,1,8,1,0
1070,1,9,9,9,9,8,8,9,8,9,8,8,9,9,10,9
1071,0,6,4,6,2,3,4,6,6,6,1,2,2,10,3,4
1072,1,5,7,7,7,4,5,9,6,9,7,5,6,9,9,8
1073,1,5,7,8,5,5,5,7,4,6,6,7,8,7,5,7
1074,1,8,8,6,8,6,8,6,8,6,6,6,9,9,6,8
1075,0,6,2,6,0,0,1,3,3,8,2,0,0,0,3,0
1076,1,10,10,10,9,9,8,10,10,9,8,9,9,9,9,10
1077,1,10,10,10,10,10,10,10,9,8,7,9,10,10,10,10
1078,1,10,9,10,10,9,8,10,9,7,7,8,10,10,9,10
1079,1,10,10,10,10,10,9,10,9,8,9,10,10,10,10,10
1080,1,8,10,10,10,10,8,10,10,3,6,8,10,8,7,7
1081,1,9,9,9,9,9,7,9,9,10,7,7,10,10,8,8
1082,1,7,8,7,7,6,7,8,8,7,6,7,10,10,7,7
1083,1,9,10,10,9,9,8,10,10,10,8,9,9,10,10,9
1084,1,10,10,10,10,10,10,10,10,8,10,10,10,10,10,10
1085,0,5,5,2,5,1,1,5,3,5,0,0,9,7,5,5
1086,1,10,10,10,8,10,10,10,10,8,7,10,10,10,10,10
1087,1,7,3,8,8,3,5,10,9,4,3,5,8,9,5,9
1088,0,7,4,4,4,4,4,8,5,4,4,5,4,5,5,5
1089,1,10,9,10,9,10,9,10,9,10,9,9,9,10,9,10
1090,1,10,7,8,10,10,6,5,10,5,3,7,9,10,10,3
1091,1,8,8,7,7,8,7,8,7,8,6,6,8,8,8,8
1092,0,8,8,8,8,8,8,8,8,7,4,4,4,6,6,8
1093,1,10,9,10,9,9,9,9,8,8,8,7,9,9,7,8
1094,1,10,10,10,10,9,9,9,9,8,6,7,8,9,9,10
1095,1,10,10,10,10,10,8,10,10,8,7,10,10,10,10,10
1096,0,5,7,2,7,2,5,8,5,7,5,5,8,8,8,8
1097,1,9,10,10,10,10,10,10,10,9,10,10,8,10,10,10
1098,1,8,8,8,8,8,5,8,8,7,7,7,7,8,8,8
1099,1,8,8,9,7,7,8,9,8,7,6,8,9,9,8,8
1100,1,7,8,7,7,7,6,8,6,6,5,5,9,8,8,6
1101,1,6,7,6,7,7,6,8,6,7,4,8,9,10,8,8
1102,1,10,10,9,9,8,7,9,10,6,6,7,10,10,10,9
1103,1,10,10,10,10,8,8,8,10,9,8,9,9,9,10,9
1104,1,10,10,10,10,10,5,10,5,5,5,5,5,10,10,5
1105,0,10,10,10,10,9,9,10,10,10,10,9,10,10,10,10
1106,0,8,5,7,5,7,6,8,6,4,4,3,4,8,8,9
1107,0,9,8,10,10,9,9,10,7,3,4,0,9,10,9,9
1108,0,6,4,6,7,7,6,7,6,6,4,4,6,6,4,6
1109,1,10,9,9,9,8,10,9,8,7,8,9,8,8,9,9
1110,0,7,6,7,6,6,8,7,9,8,8,8,8,8,8,7
1111,1,9,8,9,8,9,6,9,10,8,9,6,8,8,8,9
1112,0,4,4,8,4,4,8,8,7,4,5,5,8,8,4,4
1113,0,5,6,7,6,5,5,5,7,6,4,4,8,6,6,5
1114,0,6,9,7,9,6,8,7,7,9,5,7,8,8,5,6
1115,0,4,3,8,4,1,4,10,4,5,6,4,5,6,4,4
1116,0,4,4,3,6,6,5,6,5,7,6,6,6,7,5,5
1117,1,8,8,4,8,6,4,6,7,10,6,6,10,10,6,9
1118,1,9,10,10,8,9,6,9,9,8,0,8,10,8,9,9
1119,1,9,8,8,8,8,8,9,9,9,8,8,9,10,9,8
1120,1,10,10,10,10,10,10,10,10,10,10,9,10,9,10,10
1121,0,7,7,9,8,9,9,10,8,4,4,6,6,8,8,8
1122,1,8,7,9,9,8,6,9,9,7,5,6,9,9,9,9
1123,1,9,8,9,9,9,8,9,8,8,6,7,8,9,9,9
1124,1,4,6,7,4,2,2,7,1,4,4,4,6,2,2,3
1125,0,4,4,4,4,2,4,2,4,3,3,3,3,6,2,2
1126,0,5,3,9,2,3,5,9,2,1,2,5,9,9,9,5
1127,0,3,4,4,6,4,4,2,5,5,2,7,6,5,2,0
1128,1,9,9,10,9,9,8,10,9,9,8,9,9,9,9,10
1129,1,7,7,10,8,6,10,9,9,7,6,7,9,7,7,9
1130,1,10,10,10,10,10,10,10,9,9,9,10,10,10,10,10
1131,1,10,10,10,10,10,10,10,10,10,10,10,10,10,10,10
1132,1,10,10,9,10,10,10,10,10,10,8,10,10,10,10,10
1133,1,8,8,9,9,8,7,9,8,8,8,8,8,7,8,8
1134,0,10,10,8,10,6,8,9,10,9,6,9,5,8,10,7
1135,0,8,8,9,9,4,3,9,6,0,0,0,8,9,9,9
1136,0,7,7,8,7,8,7,8,7,6,6,7,7,8,8,8
1137,0,10,8,10,10,10,10,10,10,8,10,10,10,10,10,10
1138,0,8,5,5,5,5,4,5,4,4,5,8,8,5,5,5
1139,1,10,10,10,10,10,10,10,10,10,10,10,7,10,10,10
1140,0,8,8,5,6,7,5,5,5,7,3,3,5,7,5,7
1141,1,9,9,8,9,9,9,9,9,8,8,8,8,9,9,9
1142,0,4,4,4,4,4,2,6,4,6,2,2,4,6,6,4
1143,0,5,5,8,4,6,6,8,8,8,7,3,4,5,5,5
1144,1,5,6,7,7,7,5,10,7,6,6,8,8,7,9,9
1145,0,8,7,8,7,7,7,8,8,7,8,9,8,7,8,7
1146,0,8,8,7,8,8,8,9,7,10,8,8,10,9,8,9
1147,0,7,7,7,7,7,7,7,6,6,7,6,6,8,8,7
1148,1,9,8,9,10,9,9,9,9,7,7,9,9,10,10,10
1149,1,10,9,7,8,8,9,9,8,9,9,7,8,8,8,10
1150,1,9,10,10,10,10,10,9,9,9,9,9,9,10,9,10
1151,1,9,9,8,8,9,8,9,9,8,9,9,9,9,9,9
1152,1,8,8,9,8,8,8,8,8,7,7,7,9,10,10,9
1153,1,9,9,10,9,10,9,10,9,9,9,10,10,10,9,9
1154,1,8,7,9,7,8,8,9,7,7,8,8,7,8,7,8
1155,0,8,5,8,7,7,6,9,8,4,7,9,9,8,7,7
1156,0,5,5,5,5,5,5,5,5,5,5,5,5,5,5,5
1157,0,6,6,8,6,6,4,8,6,6,6,6,6,8,8,8
1158,0,5,5,5,5,5,5,5,5,1,1,1,4,10,6,6
1159,1,2,3,8,5,7,7,8,8,8,9,9,8,8,8,8
1160,1,8,7,9,8,7,7,8,8,8,8,7,7,8,8,8
1161,1,10,8,4,7,6,7,8,7,8,9,9,9,9,9,9
1162,1,8,8,8,8,8,8,8,8,8,8,8,8,8,8,8
1163,1,10,10,10,10,10,10,10,10,10,10,10,10,10,10,10
1164,1,10,10,10,10,10,10,10,10,10,9,10,10,10,10,10
1165,0,6,6,7,5,6,5,7,7,5,5,6,7,7,6,6
1166,1,8,6,8,7,6,7,7,8,5,4,5,8,9,8,8
1167,1,8,8,9,8,8,10,10,8,8,5,8,8,9,8,8
1168,0,7,7,6,6,6,7,6,6,5,4,5,5,6,6,7
1169,1,10,10,10,10,10,8,10,10,10,9,10,10,10,10,10
1170,1,9,10,9,9,8,6,8,9,9,6,6,9,9,9,9
1171,1,8,9,10,9,9,10,10,10,8,9,9,9,9,9,8
1172,1,9,9,9,9,8,8,10,9,7,7,7,8,8,8,7
1173,1,10,9,9,9,9,9,9,8,9,4,8,8,9,8,9
1174,1,10,8,9,8,9,10,9,9,8,9,10,10,8,9,9
1175,1,7,9,8,7,6,8,6,9,9,9,10,10,9,8,7
1176,1,9,9,8,9,8,9,8,8,9,8,7,8,8,8,9
1177,0,7,8,7,8,8,9,8,7,7,5,7,4,7,7,7
1178,1,9,7,8,9,9,8,9,8,8,4,7,8,8,8,8
1179,1,8,9,9,8,7,7,8,8,9,6,6,6,8,8,8
1180,1,10,8,8,5,9,4,8,7,7,7,8,10,9,7,9
1181,1,7,7,9,6,7,8,9,8,7,8,7,9,9,7,8
1182,1,8,8,8,8,8,8,8,9,8,8,8,9,8,8,9
1183,0,6,8,8,6,5,6,7,7,8,7,5,7,7,5,6
1184,1,8,7,9,8,8,7,9,7,7,7,8,9,9,8,7
1185,0,8,9,6,7,7,8,8,9,8,4,4,8,7,9,9
1186,1,9,8,9,8,8,9,9,8,8,7,6,7,9,8,9
1187,1,9,9,9,9,9,9,9,8,8,8,9,9,9,9,9
1188,1,9,7,8,7,8,9,8,8,9,7,7,8,9,8,8
1189,1,9,8,9,8,9,8,9,9,8,8,8,8,9,9,9
1190,1,9,10,9,8,9,9,10,8,8,8,9,10,10,10,9
1191,1,9,9,9,9,9,10,10,9,9,10,10,9,9,9,9
1192,1,8,8,8,8,8,9,8,7,8,6,3,3,7,9,9
1193,0,7,4,4,6,6,7,7,8,6,8,8,9,9,9,8
1194,1,10,10,9,9,5,10,8,8,10,9,9,9,9,9,8
1195,1,8,9,9,4,7,8,8,5,8,7,6,8,8,8,8
1196,0,8,6,9,5,8,6,8,8,8,3,7,7,7,8,8
1197,0,5,5,7,7,5,6,7,7,3,4,6,9,10,5,4
1198,1,9,9,9,9,9,9,9,9,9,8,8,9,9,9,9
1199,0,7,6,7,7,6,7,9,7,6,8,8,9,9,6,7
1200,1,9,9,8,9,8,7,9,7,8,7,7,7,8,8,7
1201,0,2,2,5,4,3,5,6,7,2,3,2,7,7,7,4
1202,1,10,10,10,9,10,8,7,10,10,8,9,8,6,5,5
1203,1,9,7,9,8,9,9,9,8,6,8,10,10,9,8,8
1204,1,10,10,9,10,9,9,9,8,9,9,10,10,9,9,9
1205,1,8,8,7,5,8,8,8,8,8,5,9,8,8,5,10
1206,1,9,8,9,8,8,9,9,8,8,7,8,8,9,9,9
1207,1,9,9,9,8,9,9,10,10,10,9,9,10,10,10,10
1208,0,4,4,4,4,6,0,6,7,4,4,4,7,8,6,6
1209,1,10,8,9,9,8,9,10,8,9,8,9,8,9,8,8
1210,0,6,6,6,5,6,7,9,5,5,5,5,5,5,5,7
1211,1,9,9,9,8,8,10,8,8,8,6,9,9,9,9,8
1212,1,10,10,10,10,10,10,10,10,10,10,10,10,10,10,10
1213,0,5,4,6,4,4,5,4,5,5,4,4,5,5,5,5
1214,1,9,9,9,8,9,10,10,9,8,7,9,10,9,9,9
1215,0,8,6,9,5,6,4,8,9,2,0,5,8,9,8,8
1216,1,7,4,7,4,5,5,5,8,4,4,4,7,7,7,6
1217,1,5,5,9,8,8,8,8,8,7,8,8,8,8,7,8
1218,1,8,9,9,5,5,8,8,7,7,8,8,9,9,5,7
1219,0,4,7,7,7,5,7,7,7,8,4,5,7,7,8,7
1220,1,9,8,7,8,8,10,8,9,7,5,5,9,9,5,5
1221,0,9,7,8,8,8,6,8,8,7,3,6,8,8,8,8
1222,0,8,8,8,5,7,7,8,5,7,5,7,7,8,7,7
1223,1,7,7,7,7,7,7,7,5,5,6,7,8,8,7,7
1224,1,10,10,10,10,10,10,10,10,10,7,8,10,10,10,10
1225,1,10,9,10,9,10,10,10,9,10,9,10,10,9,10,10
1226,1,9,9,9,9,9,9,8,9,9,8,9,9,9,9,9
1227,1,9,7,10,10,8,9,10,9,7,8,9,9,10,9,9
1228,0,10,7,9,8,9,8,9,6,8,7,9,9,7,9,10
1229,0,8,9,8,7,8,8,8,8,8,6,7,9,9,9,8
1230,0,8,9,9,8,9,9,9,8,9,7,9,9,8,9,9
1231,0,7,7,8,7,5,5,6,7,7,7,7,6,6,6,7
1232,1,8,7,9,6,6,6,8,6,7,6,8,7,8,6,8
1233,1,10,10,10,10,10,10,10,10,10,10,10,10,10,6,10
1234,1,8,7,10,9,9,9,10,9,7,7,7,7,9,9,9
1235,0,5,5,5,5,5,5,5,5,10,5,5,5,5,5,5
1236,0,7,7,9,5,7,6,6,7,10,7,7,7,7,7,7
1237,0,6,4,4,4,4,4,8,6,6,6,6,6,6,6,3
1238,0,8,7,5,5,10,9,10,8,10,8,9,8,9,9,10
1239,1,8,8,8,5,5,5,8,8,5,8,10,10,10,6,8
1240,1,8,7,8,5,7,7,7,5,5,5,6,7,7,7,8
1241,1,8,8,8,8,7,8,8,7,8,5,8,8,9,8,8
1242,0,6,5,5,4,5,6,6,5,5,5,5,5,5,4,4
1243,1,8,8,9,7,8,7,8,7,7,7,8,8,8,8,7
1244,0,7,7,8,7,7,7,7,7,7,8,7,5,5,5,5
1245,1,7,7,7,7,7,7,9,8,9,1,5,8,9,7,9
1246,1,10,10,10,10,10,10,10,10,10,10,10,10,10,10,10
1247,1,10,10,10,10,10,10,10,10,10,8,10,10,10,10,10
1248,1,8,4,8,5,5,8,8,6,5,4,8,5,7,8,6
1249,1,8,7,6,6,7,8,7,7,6,6,5,6,8,8,8
1250,0,10,10,10,10,10,10,10,9,10,9,10,10,10,10,10
1251,0,8,5,9,9,5,5,5,5,5,5,5,9,9,5,9
1252,0,8,7,8,8,8,8,9,8,9,7,9,9,9,8,8
1253,0,8,7,7,7,7,7,7,7,7,7,7,7,7,7,7
1254,1,10,10,10,8,9,9,9,9,9,9,8,10,10,10,10
1255,0,5,5,5,6,5,4,4,5,4,5,3,4,5,5,5
1256,0,10,10,10,10,8,8,8,8,8,8,10,10,5,5,5
1257,0,8,7,8,6,8,8,7,8,8,6,6,9,9,8,8
1258,1,10,9,10,9,10,10,10,10,8,6,9,10,9,10,10
1259,1,10,10,10,9,10,10,10,10,9,8,8,10,10,10,10
1260,0,5,7,3,7,5,7,5,5,9,5,7,5,7,1,5
1261,1,8,8,9,8,9,8,8,8,9,7,7,7,9,8,8
1262,0,8,8,8,7,8,7,9,9,8,8,8,8,9,8,9
1263,0,5,4,7,5,4,5,8,6,4,6,5,8,8,8,7
1264,1,5,5,5,5,3,9,5,5,5,9,9,10,9,9,4
1265,1,10,10,9,10,10,10,9,9,10,9,8,9,5,9,9
1266,0,5,5,9,6,6,5,6,8,8,4,5,5,7,6,7
1267,0,5,5,5,5,5,5,5,5,5,5,5,5,5,5,5
1268,0,7,7,7,6,6,7,7,6,7,7,8,8,8,7,6
1269,0,8,8,8,8,8,8,9,7,7,7,7,8,8,8,8
1270,1,10,10,10,10,10,10,10,10,10,10,10,10,10,10,10
1271,0,10,10,9,8,10,8,10,9,10,2,7,9,9,7,10
1272,0,9,8,8,5,5,7,5,7,10,10,9,10,7,8,7
1273,0,7,7,7,7,6,6,5,8,7,8,6,9,8,7,7
1274,0,6,5,5,5,3,3,3,5,8,8,8,8,5,5,3
1275,1,10,10,10,10,10,10,10,10,10,10,10,10,10,10,10
1276,1,10,9,9,9,8,8,8,9,8,9,9,10,10,9,9
1277,1,6,6,6,5,6,5,7,6,8,4,4,5,8,6,8
1278,1,8,8,8,8,8,8,8,8,8,8,8,8,8,8,8
1279,1,9,9,9,6,7,7,9,7,5,5,7,7,8,8,9
1280,1,10,10,10,9,8,10,10,10,10,5,6,10,7,7,9
1281,1,8,6,9,8,9,9,9,7,7,6,6,7,9,8,7
1282,0,8,8,8,5,5,8,8,8,5,3,4,4,6,7,8
1283,1,6,5,5,5,7,4,7,6,4,6,5,6,8,6,4
1284,1,7,8,9,6,7,3,9,8,8,5,7,7,8,7,9
1285,0,7,9,7,4,7,8,8,9,8,7,9,9,9,8,9
1286,0,5,6,7,5,4,4,5,5,3,3,3,7,8,5,4
1287,1,9,8,8,8,8,8,8,8,9,8,8,10,8,3,3
1288,1,7,7,7,7,7,6,7,8,8,7,7,7,8,7,7
1289,1,8,8,9,8,8,8,9,9,9,8,9,9,8,8,9
1290,1,6,6,5,5,5,7,6,5,7,7,7,9,7,7,7
1291,1,10,10,10,8,7,9,9,4,3,5,5,7,8,7,10
1292,0,5,5,5,5,5,5,5,5,5,5,5,5,5,5,5
1293,1,9,8,9,7,7,9,8,8,6,7,8,9,7,8,8
1294,1,8,8,10,8,9,8,10,8,8,8,9,10,10,9,10
1295,1,7,8,6,6,6,7,7,7,7,7,8,9,9,8,9
1296,1,8,8,8,5,8,8,8,8,5,8,8,8,8,8,8
1297,0,8,7,8,7,7,8,8,7,7,7,6,6,7,7,8
1298,1,10,9,9,9,10,10,10,9,9,8,10,9,10,10,10
1299,0,8,6,9,5,8,9,9,8,7,5,5,5,8,8,8
1300,0,1,2,1,0,1,1,6,2,5,3,4,4,6,4,4
1301,0,5,5,4,5,4,5,5,6,7,5,6,6,7,6,6
1302,1,9,8,8,8,10,9,9,8,7,8,9,10,10,9,9
1303,0,9,8,5,6,6,7,6,6,5,4,3,9,8,7,7
1304,0,10,8,9,9,10,9,8,8,10,10,10,10,7,6,10
1305,0,5,2,3,0,0,3,2,4,5,1,0,0,6,4,4
1306,0,7,7,8,6,7,7,8,7,7,6,6,6,6,7,8
1307,0,6,6,5,6,6,6,6,6,6,6,6,6,6,6,6
1308,0,8,8,8,6,8,8,8,7,7,7,8,10,9,9,8
1309,0,5,5,5,5,4,4,6,5,5,2,4,5,6,5,5
1310,0,5,3,5,5,4,5,6,5,5,4,4,5,5,5,5
1311,1,8,5,9,5,9,8,9,8,5,7,9,8,9,9,8
1312,0,7,4,4,3,4,4,4,2,2,6,6,3,8,6,3
1313,0,5,5,8,5,5,4,7,6,5,2,3,3,5,5,5
1314,1,10,9,10,10,10,10,10,10,9,7,9,10,9,10,10
1315,1,4,4,8,9,10,10,10,10,7,10,10,10,10,10,10
1316,1,9,10,9,9,8,8,8,8,8,8,7,8,9,9,8
1317,1,9,8,9,8,7,7,9,8,8,8,9,9,9,9,9
1318,1,8,8,8,6,7,6,8,7,7,8,7,7,8,8,8
1319,0,3,8,5,0,5,0,7,2,0,5,5,5,7,5,8
1320,1,10,9,9,5,9,9,8,9,7,4,7,6,10,10,10
1321,0,3,1,5,3,6,5,5,0,5,0,2,3,7,5,5
1322,1,8,8,8,7,8,8,8,8,8,8,7,8,10,8,8
1323,1,10,10,10,10,10,10,10,10,10,10,10,10,10,10,10
1324,1,9,10,9,9,10,10,9,8,10,10,10,10,8,9,10
1325,1,8,8,8,5,8,9,9,6,9,6,7,8,9,8,8
1326,0,6,7,6,5,6,6,7,5,6,5,6,7,8,7,6
1327,0,8,9,8,7,7,8,7,8,7,7,9,8,7,8,7
1328,1,8,7,8,8,8,7,8,8,8,7,9,9,9,8,8
1329,0,5,7,7,4,3,4,2,5,7,7,7,8,8,5,3
1330,1,9,7,9,9,8,7,10,9,5,9,9,9,10,9,10
1331,1,10,9,10,8,10,7,10,7,7,6,3,4,7,9,10
1332,1,10,9,9,9,9,9,8,8,9,8,8,5,9,8,8
1333,0,5,5,5,0,5,5,7,5,0,5,5,5,5,5,5
1334,1,9,8,10,8,6,8,8,10,9,10,10,10,9,9,9
1335,1,8,8,9,9,8,7,9,5,7,7,7,9,9,9,9
1336,1,7,7,6,6,7,8,6,5,5,7,8,8,8,8,8
1337,1,8,8,8,7,8,8,8,8,8,8,8,8,8,8,8
1338,1,8,8,9,8,9,7,8,7,7,7,8,8,9,8,8
1339,1,10,10,10,8,9,8,10,7,7,5,8,10,10,10,10
1340,0,9,8,8,6,8,7,9,6,6,5,5,8,9,8,8
1341,1,10,9,9,9,10,8,8,8,6,6,7,7,8,9,8
1342,1,10,10,10,10,10,10,9,10,10,9,10,10,9,10,10
1343,1,9,9,9,9,9,9,9,8,9,10,9,9,10,9,10
1344,1,10,10,10,10,10,10,10,10,10,9,9,10,10,10,10
1345,1,8,8,8,5,5,7,8,8,7,7,7,7,8,7,8
1346,0,5,5,6,5,5,5,5,4,5,5,5,5,5,5,5
1347,1,10,9,8,8,7,7,7,8,9,8,9,9,9,9,8
1348,1,9,8,8,9,9,10,9,8,10,7,5,9,9,9,9
1349,1,9,9,9,9,9,9,9,9,8,6,8,8,9,9,9
1350,0,6,6,7,7,7,7,8,7,7,7,7,7,7,7,7
1351,1,5,7,8,7,7,8,7,7,6,5,6,6,9,8,8
1352,0,9,9,8,8,9,9,9,9,9,7,7,7,8,9,10
1353,1,9,10,10,10,9,8,10,9,8,10,10,10,10,9,8
1354,0,5,5,5,5,5,5,5,5,5,5,5,5,5,5,5
1355,1,10,7,10,10,10,10,10,8,8,3,5,7,8,9,9
1356,0,6,8,7,6,8,4,8,6,6,7,6,6,8,9,9
1357,0,6,4,7,5,7,5,7,4,4,5,7,6,7,4,5
1358,1,7,7,9,7,7,7,9,7,7,7,8,9,9,7,8
1359,0,5,5,5,4,5,5,4,4,4,4,4,4,4,4,4
1360,1,8,8,8,8,8,8,8,8,7,8,7,8,9,8,8
1361,1,9,10,10,9,9,9,9,8,9,8,8,9,9,9,9
1362,1,8,8,10,8,10,10,10,9,8,8,9,10,9,10,10
1363,1,9,7,8,9,8,8,9,8,8,6,6,6,9,9,8
1364,1,10,10,10,10,10,10,10,10,10,10,10,10,10,10,10
1365,1,8,7,8,8,8,7,8,8,7,6,6,5,10,9,10
1366,0,2,0,3,3,1,0,0,3,4,5,5,6,5,2,2
1367,0,0,0,0,0,0,0,0,5,5,3,5,5,7,3,3
1368,1,7,7,8,7,8,7,8,7,6,7,7,8,8,8,7
1369,0,6,6,6,6,6,6,7,6,6,5,5,7,8,6,6
1370,0,7,8,8,7,7,6,7,7,8,6,9,9,8,8,8
1371,1,7,8,7,8,8,8,9,6,9,7,9,8,8,9,7
1372,1,7,7,7,5,5,8,8,6,7,7,7,7,7,7,7
1373,1,8,8,8,8,9,8,9,7,8,8,8,8,9,8,8
1374,1,10,10,10,8,5,10,10,8,9,7,9,10,8,10,10
1375,1,10,9,10,9,9,10,9,10,8,7,9,7,8,8,8
1376,1,8,9,9,9,9,9,9,7,8,8,9,10,9,7,8
1377,0,4,3,4,4,4,4,7,4,6,6,6,7,7,4,6
1378,1,8,8,9,7,9,10,8,5,5,10,10,10,10,8,10
1379,0,8,8,8,7,5,7,8,5,8,8,8,10,10,9,10
1380,1,8,5,9,5,8,5,9,8,10,2,5,5,10,5,7
1381,0,5,5,8,3,3,3,7,5,5,3,5,5,5,5,2
1382,0,10,10,10,5,10,10,10,10,10,10,10,10,10,10,10
1383,1,10,10,10,10,9,9,10,9,8,6,6,9,9,10,10
1384,1,10,10,10,10,10,10,10,10,10,7,9,9,10,10,10
1385,1,10,10,9,8,8,8,10,8,9,8,10,10,9,9,9
1386,1,8,8,10,5,5,5,8,8,8,5,5,5,8,7,8
1387,0,7,3,9,7,8,9,9,8,4,2,5,6,7,4,4
1388,0,8,5,7,5,8,6,7,7,7,6,5,5,7,5,8
1389,0,9,1,5,7,9,3,9,8,2,2,8,9,9,9,9
1390,0,8,4,8,7,8,9,8,8,8,8,7,1,8,8,8
1391,1,8,8,8,8,10,9,9,9,8,8,8,9,8,8,10
1392,1,10,8,8,8,9,10,9,10,8,5,6,6,6,8,9
1393,1,10,9,8,9,8,8,9,7,9,6,6,8,8,8,10
1394,0,10,10,5,5,0,2,8,5,5,8,8,8,8,5,10
1395,1,7,6,8,6,9,7,9,9,9,7,6,6,6,9,9
1396,0,9,8,9,8,8,7,8,8,8,6,5,6,7,7,9
1397,0,7,7,6,7,5,6,8,7,6,7,8,7,9,7,6
1398,1,8,6,8,5,7,8,8,8,9,6,7,7,8,9,9
1399,0,7,7,7,5,7,7,8,7,7,4,6,6,7,5,5
1400,1,9,8,8,7,8,8,9,8,7,7,7,8,9,9,9
1401,1,10,8,8,10,9,10,8,9,10,8,10,10,9,9,10
1402,1,9,10,9,8,9,10,9,9,9,5,5,9,9,9,9
1403,1,9,9,8,8,8,8,9,8,8,4,8,7,7,8,9
1404,1,10,10,9,10,10,10,10,9,9,8,9,10,10,10,10
1405,0,0,0,3,0,2,0,0,0,0,0,0,0,2,0,0
1406,1,10,10,10,10,10,10,10,10,10,10,10,10,10,10,10
1407,0,7,7,6,6,8,6,8,7,4,6,7,8,6,7,8
1408,1,10,10,10,10,10,10,10,10,10,10,10,10,10,10,10
1409,1,7,7,8,6,8,9,9,8,7,7,6,6,8,8,9
1410,0,2,0,5,0,0,0,8,8,0,0,5,7,8,8,8
1411,0,10,10,10,10,8,8,9,8,8,3,7,7,9,7,8
1412,0,6,5,8,8,5,6,9,7,6,4,5,8,9,7,6
1413,1,8,7,8,7,7,8,9,7,8,7,6,7,9,8,8
1414,1,8,8,7,7,8,8,10,8,8,8,7,7,9,8,7
1415,1,8,9,10,9,8,9,8,9,8,8,8,9,9,9,9
1416,0,3,1,10,6,5,5,9,9,6,6,3,9,9,5,5
1417,0,5,5,7,7,5,5,5,3,0,0,0,0,5,5,5
1418,0,1,1,5,1,1,1,5,1,0,0,1,1,7,3,5
1419,1,10,8,10,6,10,10,10,10,8,8,10,10,10,10,10
1420,1,10,10,10,10,10,8,10,7,7,7,8,8,10,8,8
1421,1,10,9,9,8,9,9,10,8,8,6,8,8,9,9,9
1422,0,2,1,5,2,1,1,7,2,0,2,2,2,7,1,1
1423,0,4,2,4,3,2,2,8,5,0,5,3,3,7,3,3
1424,0,3,3,6,2,5,3,8,5,5,5,0,5,7,5,6
1425,0,4,3,9,5,8,9,9,9,3,7,5,5,9,9,4
1426,1,8,8,10,5,6,7,9,10,8,7,9,9,9,9,9
1427,0,5,3,3,3,3,5,4,5,3,3,3,5,5,5,5
1428,1,10,10,10,10,10,10,10,10,10,8,10,10,10,10,10
1429,1,8,5,7,7,5,4,9,8,5,5,6,7,9,7,9
1430,0,2,2,6,2,2,2,2,5,2,2,4,8,8,2,2
1431,1,10,10,10,10,10,10,10,10,10,8,8,9,10,10,10
1432,0,7,1,5,1,1,0,8,2,0,0,0,0,7,2,8
1433,0,0,0,0,0,0,0,0,0,0,0,0,0,0,0,0
1434,1,10,9,9,8,9,10,10,7,8,5,6,7,8,6,8
1435,1,9,9,9,9,9,9,9,7,8,5,8,9,9,9,9
1436,1,8,9,8,6,8,6,9,8,6,6,7,8,8,9,9
1437,0,4,2,2,4,2,2,4,4,4,0,4,6,7,2,3
1438,1,10,10,10,10,10,10,10,10,5,0,5,5,10,7,8
1439,0,5,4,4,2,5,5,2,5,3,1,3,5,8,5,2
1440,1,8,8,8,8,8,8,8,8,5,5,5,10,10,10,10
1441,0,6,6,6,6,6,6,6,6,6,6,6,6,6,6,6
1442,0,4,3,5,3,3,5,6,3,3,3,3,5,3,3,3
1443,0,7,7,6,6,8,7,7,7,6,7,7,5,6,6,7
1444,0,6,6,8,7,5,6,8,5,5,5,7,5,9,5,5
1445,0,5,5,8,5,3,7,8,7,8,7,6,7,7,7,5
1446,1,10,9,9,9,9,9,9,9,7,4,8,9,8,8,6
1447,0,5,5,5,5,5,5,5,5,3,3,5,5,10,5,5
1448,0,4,4,7,4,5,5,5,7,3,4,3,3,7,5,6
1449,0,0,0,5,0,0,1,7,5,1,0,0,5,8,5,7
1450,0,2,0,3,0,1,1,3,3,2,2,2,2,3,3,0
1451,0,8,8,9,8,8,9,9,8,7,7,7,8,9,8,9
1452,1,8,8,8,7,8,8,8,8,6,7,7,5,8,8,9
1453,1,8,8,8,7,8,8,10,6,7,6,6,5,7,9,9
1454,1,10,10,10,5,7,5,10,10,7,10,7,10,10,10,10
1455,0,3,3,5,2,2,2,6,4,0,0,1,7,8,5,3
1456,1,10,5,7,5,10,9,10,10,9,8,8,8,9,10,10
1457,0,2,2,2,2,5,2,2,2,2,2,2,2,2,2,2
1458,1,9,7,8,8,9,9,10,8,7,7,8,9,10,10,9
1459,0,8,7,8,6,8,9,8,7,5,7,5,6,7,7,8
1460,1,7,7,8,8,8,8,8,8,7,8,8,7,7,8,8
1461,1,8,9,9,9,8,5,9,9,10,8,6,7,9,9,9
1462,1,8,8,8,8,8,7,8,7,7,5,8,7,7,7,7
1463,1,8,7,7,7,7,7,8,7,7,4,6,7,7,7,7
1464,1,9,8,8,8,8,7,8,8,6,4,6,8,8,7,9
1465,0,8,8,8,8,1,8,1,1,8,8,8,1,8,1,1
1466,0,6,6,7,6,6,6,7,6,7,6,7,7,7,7,7
1467,0,5,5,5,5,5,5,5,5,5,5,5,5,5,5,5
1468,0,0,0,0,0,0,0,0,0,0,0,0,0,0,0,0
1469,1,7,7,8,5,7,7,8,7,7,5,7,7,7,7,7
1470,0,2,0,2,0,1,2,0,3,0,5,1,5,5,3,3
1471,1,10,10,10,10,10,10,10,10,10,9,10,10,10,10,10
1472,1,10,9,10,8,8,10,10,9,8,5,7,7,10,9,10
1473,0,5,5,5,5,5,5,5,5,5,5,5,5,5,5,5
1474,1,8,8,8,8,8,7,9,8,8,7,8,9,10,10,10
1475,1,8,8,9,7,7,9,8,9,8,7,9,10,10,9,7
1476,0,9,7,8,8,7,5,5,8,8,6,5,5,5,8,7
1477,1,7,7,8,7,7,8,8,7,7,7,8,8,7,7,7
1478,0,5,4,8,4,7,7,9,9,4,5,6,10,10,9,9
1479,0,6,5,4,5,2,2,5,5,4,4,7,5,7,7,5
1480,1,10,9,10,10,10,10,10,10,10,9,10,10,10,10,10
1481,1,10,10,10,9,10,10,10,10,9,9,10,9,10,10,10
1482,0,1,1,4,1,2,2,2,4,1,1,2,4,8,3,3
1483,1,8,6,6,8,8,7,8,7,7,7,7,3,8,8,8
1484,1,10,10,10,10,10,10,10,10,10,10,10,10,10,10,10
1485,1,9,8,8,9,5,8,7,7,8,9,9,9,8,9,7
1486,1,9,8,9,8,9,9,9,9,8,8,8,9,10,9,9
1487,1,9,9,9,8,9,8,9,9,9,8,9,9,9,9,9
1488,0,7,6,5,6,7,6,7,6,5,3,6,6,7,7,7
1489,1,8,8,7,8,7,5,7,6,6,3,5,5,6,5,7
1490,1,10,10,10,10,10,10,10,10,10,10,10,10,10,10,10
1491,1,9,9,9,9,9,9,9,9,9,9,9,9,8,9,9
1492,0,5,5,5,5,5,5,5,5,5,5,5,5,5,5,5
1493,1,10,10,10,9,9,9,9,9,10,9,10,9,9,9,9
1494,0,4,7,5,5,5,5,3,9,6,5,3,0,5,6,5
1495,1,10,10,10,10,10,9,9,9,9,8,10,10,10,10,9
1496,1,10,10,10,10,10,10,10,10,10,10,10,10,10,10,10
1497,1,10,8,10,9,7,10,10,9,9,9,8,8,8,9,9
1498,1,9,9,9,9,9,9,9,9,9,9,9,9,9,9,9
1499,1,9,9,9,9,8,9,9,9,9,8,9,9,10,9,9
1500,1,10,9,10,9,10,9,10,10,8,8,10,10,9,10,10